<?xml version="1.0"?>
<COLLADA xmlns="http://www.collada.org/2005/11/COLLADASchema" version="1.4.1">
	<asset>
		<contributor>
			<author>Assimp</author>
			<authoring_tool>Assimp Exporter</authoring_tool>
		</contributor>
		<created>2023-07-24T17:19:35</created>
		<modified>2023-07-24T17:19:35</modified>
		<unit name="meter" meter="1.000000" />
		<up_axis>Y_UP</up_axis>
	</asset>
	<library_effects>
		<effect id="notebook-fx" name="notebook">
			<profile_COMMON>
				<technique sid="standard">
					<phong>
						<diffuse>
							<color sid="diffuse">0.800000   0.800000   0.800000   1.000000</color>
						</diffuse>
					</phong>
				</technique>
			</profile_COMMON>
		</effect>
		<effect id="penna-fx" name="penna">
			<profile_COMMON>
				<technique sid="standard">
					<phong>
						<diffuse>
							<color sid="diffuse">0.800000   0.800000   0.800000   1.000000</color>
						</diffuse>
					</phong>
				</technique>
			</profile_COMMON>
		</effect>
	</library_effects>
	<library_materials>
		<material id="notebook" name="notebook">
			<instance_effect url="#notebook-fx"/>
		</material>
		<material id="penna" name="penna">
			<instance_effect url="#penna-fx"/>
		</material>
	</library_materials>
	<library_geometries>
		<geometry id="meshId0" name="meshId0_name" >
			<mesh>
				<source id="meshId0-positions" name="meshId0-positions">
					<float_array id="meshId0-positions-array" count="1434"> 
						0.071700 0.009286 0.104110 0.072542 0.009614 0.105000 0.072542 0.009614 -0.105000 0.071700 0.009286 -0.104111 -0.068366 0.008670 0.105000 0.067387 0.008670 0.105000 0.067387 0.010001 0.105000 -0.068366 0.010001 0.105000 -0.075000 0.008670 -0.098366 -0.075000 0.008670 0.098365 -0.075000 0.010001 0.098365 -0.075000 0.010001 -0.098366 0.075000 0.000443 -0.104398 0.075000 0.009560 -0.104398 0.075000 0.009560 0.104397 0.075000 0.000443 0.104397 0.072542 0.000388 0.105000 0.072542 0.009614 0.105000 0.071700 0.009286 0.104110 0.071700 0.000716 0.104110 0.068957 0.000001 -0.105000 0.071700 0.000716 -0.104111 0.071700 0.000716 0.104110 0.068957 0.000001 0.105000 0.068957 0.010001 0.105000 0.068957 0.010001 -0.105000 -0.074495 0.008670 -0.100905 -0.073057 0.008670 -0.103057 -0.070928 0.008670 -0.100929 -0.071714 0.008670 -0.099753 0.072542 0.000388 -0.105000 0.072542 0.000388 0.105000 0.069994 0.002506 -0.104697 0.068793 0.001333 -0.105000 0.068539 0.001333 -0.102001 0.069256 0.002506 -0.101778 0.067387 0.010001 0.105000 0.067387 0.010001 -0.105000 0.067387 0.000001 -0.105000 0.067387 0.000001 0.105000 -0.074495 0.001333 0.100904 -0.073057 0.001333 0.103056 -0.070928 0.001333 0.100928 -0.071714 0.001333 0.099752 0.067387 0.001333 0.105000 -0.068366 0.001333 0.105000 -0.068366 0.000001 0.105000 0.067387 0.000001 0.105000 0.067387 0.008670 -0.105000 -0.068366 0.008670 -0.105000 -0.068366 0.010001 -0.105000 0.067387 0.010001 -0.105000 0.068793 0.008670 -0.105000 0.069994 0.007496 -0.104697 0.069256 0.007496 -0.101778 0.068539 0.008670 -0.102001 0.073771 0.009958 0.105000 0.073771 0.009958 -0.105000 0.075000 0.000443 0.104397 0.073771 0.000045 0.105000 0.073771 0.000045 -0.105000 0.075000 0.000443 -0.104398 0.073771 0.009958 -0.105000 0.075000 0.009560 -0.104398 
						0.075000 0.000443 -0.104398 0.073771 0.000045 -0.105000 0.071700 0.000716 -0.104111 0.071700 0.009286 -0.104111 0.072542 0.009614 -0.105000 0.072542 0.000388 -0.105000 -0.075000 0.001333 0.098365 -0.075000 0.001333 -0.098366 -0.075000 0.000001 -0.098366 -0.075000 0.000001 0.098365 -0.070904 0.001333 -0.104495 -0.073057 0.001333 -0.103057 -0.070928 0.001333 -0.100929 -0.069752 0.001333 -0.101714 -0.075000 0.000001 -0.098366 -0.074495 0.000001 -0.100905 -0.073057 0.000001 -0.103057 -0.070904 0.000001 -0.104495 -0.068366 0.000001 -0.105000 -0.068366 0.000001 0.105000 -0.070904 0.000001 0.104495 -0.073057 0.000001 0.103056 -0.074495 0.000001 0.100904 -0.075000 0.000001 0.098365 -0.068366 0.001333 -0.105000 0.067387 0.001333 -0.105000 0.067387 0.000001 -0.105000 -0.068366 0.000001 -0.105000 0.069994 0.007496 -0.104697 0.068793 0.008670 -0.105000 0.068957 0.010001 -0.105000 0.068793 0.001333 -0.105000 0.069994 0.002506 -0.104697 0.068957 0.000001 -0.105000 0.069994 0.007496 0.104696 0.069994 0.002506 0.104696 0.068793 0.008670 0.105000 0.068957 0.010001 0.105000 0.068793 0.001333 0.105000 0.068957 0.000001 0.105000 0.067387 0.008670 -0.105000 0.067387 0.010001 -0.105000 0.067387 0.001333 -0.105000 0.067387 0.000001 -0.105000 0.068793 0.008670 0.105000 0.068957 0.010001 0.105000 0.068793 0.001333 0.105000 0.068957 0.000001 0.105000 -0.073057 0.008670 0.103056 -0.074495 0.008670 0.100904 -0.071714 0.008670 0.099752 -0.070928 0.008670 0.100928 -0.075000 0.010001 0.098365 -0.074495 0.010001 0.100904 -0.073057 0.010001 0.103056 -0.070904 0.010001 0.104495 -0.068366 0.010001 0.105000 -0.068366 0.010001 -0.105000 -0.070904 0.010001 -0.104495 -0.073057 0.010001 -0.103057 -0.074495 0.010001 -0.100905 -0.075000 0.010001 -0.098366 -0.073057 0.008670 -0.103057 -0.070904 0.008670 -0.104495 
						-0.069752 0.008670 -0.101714 -0.070928 0.008670 -0.100929 -0.075000 0.001333 0.098365 -0.072004 0.001333 0.098070 0.067387 0.008670 0.105000 -0.068366 0.008670 0.105000 -0.068071 0.008670 0.102004 0.067387 0.008670 0.101989 -0.068366 0.001333 -0.105000 -0.068071 0.001333 -0.102004 -0.068366 0.001333 0.105000 0.067387 0.001333 0.105000 0.067387 0.001333 0.101989 -0.068071 0.001333 0.102004 0.068793 0.001333 0.105000 0.068539 0.001333 0.102000 -0.075000 0.008670 0.098365 -0.072004 0.008670 0.098070 -0.068366 0.008670 -0.105000 -0.068071 0.008670 -0.102004 -0.074495 0.008670 0.100904 -0.074495 0.010001 0.100904 -0.073057 0.008670 0.103056 -0.073057 0.010001 0.103056 -0.073057 0.010001 0.103056 -0.073057 0.008670 0.103056 -0.070904 0.008670 0.104495 -0.070904 0.010001 0.104495 -0.070904 0.008670 -0.104495 -0.070904 0.010001 -0.104495 -0.073057 0.008670 -0.103057 -0.073057 0.010001 -0.103057 -0.073057 0.010001 -0.103057 -0.073057 0.008670 -0.103057 -0.074495 0.008670 -0.100905 -0.074495 0.010001 -0.100905 -0.070904 0.001333 0.104495 -0.070904 0.000001 0.104495 -0.073057 0.001333 0.103056 -0.073057 0.000001 0.103056 -0.073057 0.000001 0.103056 -0.073057 0.001333 0.103056 -0.074495 0.001333 0.100904 -0.074495 0.000001 0.100904 -0.070904 0.000001 -0.104495 -0.070904 0.001333 -0.104495 -0.073057 0.000001 -0.103057 -0.073057 0.001333 -0.103057 -0.073057 0.001333 -0.103057 -0.073057 0.000001 -0.103057 -0.074495 0.000001 -0.100905 -0.074495 0.001333 -0.100905 0.068793 0.008670 0.105000 0.068539 0.008670 0.102000 0.068539 0.001333 -0.102001 0.068539 0.008670 -0.102001 0.069256 0.007496 -0.101778 0.069256 0.002506 -0.101778 0.067387 0.001333 -0.101990 0.067387 0.008670 -0.101990 0.069256 0.002506 0.101777 0.069256 0.007496 0.101777 0.068539 0.008670 0.102000 0.068539 0.001333 0.102000 
						0.067387 0.008670 0.101989 0.067387 0.001333 0.101989 -0.068071 0.008670 0.102004 -0.068071 0.001333 0.102004 -0.072004 0.001333 0.098070 -0.072004 0.008670 0.098070 -0.072004 0.008670 -0.098071 -0.072004 0.001333 -0.098071 -0.071714 0.001333 0.099752 -0.071714 0.008670 0.099752 -0.070928 0.001333 0.100928 -0.070928 0.008670 0.100928 -0.069752 0.001333 0.101713 -0.069752 0.008670 0.101713 -0.068071 0.008670 -0.102004 -0.068071 0.001333 -0.102004 -0.069752 0.001333 -0.101714 -0.069752 0.008670 -0.101714 -0.070928 0.001333 -0.100929 -0.070928 0.008670 -0.100929 -0.071714 0.001333 -0.099753 -0.071714 0.008670 -0.099753 -0.070904 0.008670 0.104495 -0.073057 0.008670 0.103056 -0.070928 0.008670 0.100928 -0.069752 0.008670 0.101713 -0.073057 0.001333 -0.103057 -0.074495 0.001333 -0.100905 -0.071714 0.001333 -0.099753 -0.070928 0.001333 -0.100929 0.069994 0.002506 0.104696 0.069994 0.007496 0.104696 0.069256 0.007496 0.101777 0.069256 0.002506 0.101777 -0.073057 0.001333 0.103056 -0.070904 0.001333 0.104495 -0.069752 0.001333 0.101713 -0.070928 0.001333 0.100928 0.067387 0.001333 -0.105000 0.067387 0.001333 -0.101990 0.068793 0.008670 0.105000 0.068539 0.008670 0.102000 0.067387 0.008670 -0.105000 0.067387 0.008670 -0.101990 -0.075000 0.008670 -0.098366 -0.072004 0.008670 -0.098071 0.068793 0.001333 0.105000 0.068539 0.001333 0.102000 -0.075000 0.001333 -0.098366 -0.072004 0.001333 -0.098071 0.067387 0.008670 -0.105000 0.067387 0.008670 -0.101990 0.067387 0.001333 -0.105000 0.067387 0.001333 -0.101990 0.075000 0.000443 0.104397 0.075000 0.009560 0.104397 0.073771 0.009958 0.105000 0.073771 0.000045 0.105000 0.075000 0.009560 0.104397 0.075000 0.009560 -0.104398 -0.065839 0.010223 -0.104254 -0.065839 0.010223 0.104563 -0.065839 0.011541 0.104665 -0.065839 0.011541 -0.104355 
						-0.058735 0.011541 -0.104355 -0.058735 0.011541 0.104665 -0.058735 0.010223 0.104563 -0.058735 0.010223 -0.104254 -0.058735 -0.000195 0.103204 -0.058735 -0.001513 0.103304 -0.058735 -0.001437 -0.104383 -0.058735 -0.000120 -0.104282 -0.065839 -0.001513 0.103304 -0.058735 -0.001513 0.103304 -0.058735 -0.000794 0.106089 -0.065839 -0.000794 0.106089 -0.065839 -0.001513 0.103304 -0.065839 -0.000794 0.106089 -0.065839 0.000392 0.105148 -0.065839 -0.000195 0.103204 -0.058735 -0.001513 0.103304 -0.065839 -0.001513 0.103304 -0.065839 -0.001437 -0.104383 -0.058735 -0.001437 -0.104383 -0.065839 -0.000195 0.103204 -0.065839 0.000392 0.105148 -0.058735 0.000392 0.105148 -0.058735 -0.000195 0.103204 -0.065839 -0.001513 0.103304 -0.065839 -0.000195 0.103204 -0.065839 -0.000120 -0.104282 -0.065839 -0.001437 -0.104383 -0.065839 0.008276 0.105619 -0.065839 0.009098 0.106953 -0.065839 0.010898 0.106090 -0.065839 0.009711 0.105149 -0.065839 0.010223 0.104563 -0.058735 0.010223 0.104563 -0.058735 0.009711 0.105149 -0.065839 0.009711 0.105149 -0.065839 0.001827 0.105619 -0.058735 0.001827 0.105619 -0.058735 0.009711 0.105149 -0.058735 0.010898 0.106090 -0.058735 0.009098 0.106953 -0.058735 0.008276 0.105619 -0.058735 0.001006 0.106953 -0.058735 0.001827 0.105619 -0.065839 0.009098 0.106953 -0.058735 0.009098 0.106953 -0.058735 0.010898 0.106090 -0.065839 0.010898 0.106090 -0.065839 0.001006 0.106953 -0.058735 0.001006 0.106953 -0.065839 0.011541 -0.104355 -0.065839 0.011541 0.104665 -0.058735 0.011541 0.104665 -0.058735 0.011541 -0.104355 -0.058735 -0.000794 0.106089 -0.058735 0.000392 0.105148 -0.058735 -0.001513 0.103304 -0.058735 -0.000195 0.103204 -0.065839 0.008276 0.105619 -0.058735 0.008276 0.105619 -0.058735 0.010223 0.104563 -0.058735 0.011541 0.104665 -0.065839 0.001006 0.106953 -0.065839 0.001827 0.105619 
						-0.058735 0.011541 0.104665 -0.065839 0.011541 0.104665 -0.065839 0.010223 0.104563 -0.065839 0.011541 0.104665 -0.058735 0.008276 -0.105480 -0.058735 0.009098 -0.106813 -0.058735 0.010898 -0.105950 -0.058735 0.009711 -0.105009 -0.058735 0.010223 -0.104254 -0.065839 0.010223 -0.104254 -0.065839 0.009711 -0.105009 -0.058735 0.009711 -0.105009 -0.065839 -0.000794 -0.105950 -0.058735 -0.000794 -0.105950 -0.058735 -0.001437 -0.104383 -0.065839 -0.001437 -0.104383 -0.065839 0.001827 -0.105479 -0.065839 0.001006 -0.106813 -0.065839 -0.000794 -0.105950 -0.065839 0.000392 -0.105009 -0.065839 0.000392 -0.105009 -0.065839 -0.000120 -0.104282 -0.058735 -0.000120 -0.104282 -0.058735 0.000392 -0.105009 -0.058735 -0.000120 -0.104282 -0.058735 -0.001437 -0.104383 -0.058735 -0.000794 -0.105950 -0.058735 0.000392 -0.105009 -0.065839 0.009711 -0.105009 -0.065839 0.010898 -0.105950 -0.065839 0.009098 -0.106813 -0.065839 0.008276 -0.105480 -0.065839 0.010898 -0.105950 -0.058735 0.010898 -0.105950 -0.058735 0.009098 -0.106813 -0.065839 0.009098 -0.106813 -0.058735 0.001006 -0.106813 -0.065839 0.001006 -0.106813 -0.065839 -0.000120 -0.104282 -0.065839 -0.001437 -0.104383 -0.058735 0.001827 -0.105479 -0.065839 0.001827 -0.105479 -0.058735 0.008276 -0.105480 -0.065839 0.008276 -0.105480 -0.065839 0.010223 -0.104254 -0.065839 0.011541 -0.104355 -0.058735 0.001006 -0.106813 -0.058735 0.001827 -0.105479 -0.065839 0.011541 -0.104355 -0.058735 0.011541 -0.104355 -0.058735 0.010223 -0.104254 -0.058735 0.011541 -0.104355 -0.076981 0.009201 0.005169 -0.074705 0.007980 0.005169 -0.074705 0.008418 0.005169 -0.076843 0.009570 0.005169 -0.074834 0.001432 -0.004561 -0.075048 0.001432 0.004561 -0.078832 0.000446 0.004561 -0.078618 0.000446 -0.004561 -0.074705 0.008743 0.004561 -0.076741 0.009843 0.004561 -0.080689 0.009558 0.004561 -0.080549 0.009302 0.005169 
						-0.077084 0.008928 0.004561 -0.080221 0.008700 0.004561 -0.080007 0.008700 -0.004562 -0.076869 0.008928 -0.004562 -0.080331 0.009302 -0.005170 -0.080474 0.009558 -0.004562 -0.076527 0.009843 -0.004562 -0.076625 0.009570 -0.005170 -0.080360 0.008957 0.005169 -0.080221 0.008700 0.004561 -0.077084 0.008928 0.004561 -0.074705 0.008418 -0.005170 -0.074705 0.007980 -0.005170 -0.076762 0.009201 -0.005170 -0.080549 0.009302 0.005169 -0.082772 0.006328 0.005169 -0.082387 0.006244 0.005169 -0.080360 0.008957 0.005169 -0.081980 0.002703 0.005169 -0.081665 0.002939 0.005169 -0.078811 0.000737 0.005169 -0.078783 0.001129 0.005169 -0.075254 0.001638 0.005169 -0.075533 0.001916 0.005169 -0.082553 0.006328 -0.005170 -0.082842 0.006390 -0.004562 -0.081762 0.002703 -0.005170 -0.081999 0.002528 -0.004562 -0.078593 0.000737 -0.005170 -0.075036 0.001638 -0.005169 -0.074705 0.008743 -0.004562 -0.082387 0.006244 0.005169 -0.082102 0.006182 0.004561 -0.081665 0.002939 0.005169 -0.081432 0.003114 0.004561 -0.078783 0.001129 0.005169 -0.078762 0.001420 0.004561 -0.075533 0.001916 0.005169 -0.075739 0.002123 0.004561 -0.074705 0.007656 -0.004562 -0.083057 0.006390 0.004561 -0.082772 0.006328 0.005169 -0.082214 0.002528 0.004561 -0.081980 0.002703 0.005169 -0.078811 0.000737 0.005169 -0.075254 0.001638 0.005169 -0.074705 0.007656 0.004561 -0.080142 0.008957 -0.005170 -0.082169 0.006244 -0.005170 -0.082553 0.006328 -0.005170 -0.080331 0.009302 -0.005170 -0.081447 0.002939 -0.005170 -0.081762 0.002703 -0.005170 -0.078565 0.001129 -0.005170 -0.078593 0.000737 -0.005170 -0.075314 0.001916 -0.005169 -0.075036 0.001638 -0.005169 -0.082102 0.006182 0.004561 -0.081888 0.006182 -0.004562 -0.081432 0.003114 0.004561 -0.081217 0.003114 -0.004562 -0.078762 0.001420 0.004561 -0.078548 0.001420 -0.004561 -0.075739 0.002123 0.004561 
						-0.075524 0.002123 -0.004561 -0.082169 0.006244 -0.005170 -0.080142 0.008957 -0.005170 -0.081447 0.002939 -0.005170 -0.078565 0.001129 -0.005170 -0.075314 0.001916 -0.005169 -0.072004 0.001417 -0.004561 -0.072004 0.001417 0.004561 -0.072004 0.008418 0.005169 -0.072004 0.008743 0.004561 -0.072004 0.007980 -0.005170 -0.072004 0.007656 -0.004562 -0.074705 0.007656 0.004561 -0.072004 0.007656 0.004561 -0.072004 0.007980 0.005169 -0.072004 0.008743 -0.004562 -0.072004 0.008418 -0.005170 -0.072004 0.007656 0.004561 -0.072004 0.001655 -0.005169 -0.072004 0.001655 0.005169 -0.072004 0.001976 0.005169 -0.072004 0.002214 0.004561 -0.072004 0.002214 -0.004561 -0.072004 0.001976 -0.005169 -0.072004 0.001976 -0.005169 -0.072004 0.001655 -0.005169 -0.072004 0.001655 0.005169 -0.072004 0.001976 0.005169 -0.072004 0.002214 0.004561 -0.072004 0.002214 -0.004561 
					</float_array>
					<technique_common>
						<accessor count="478" offset="0" source="#meshId0-positions-array" stride="3">
							<param name="X" type="float" />
							<param name="Y" type="float" />
							<param name="Z" type="float" />
						</accessor>
					</technique_common>
				</source>
				<source id="meshId0-normals" name="meshId0-normals">
					<float_array id="meshId0-normals-array" count="1434"> 
						-0.094565 0.995519 0.000000 -0.301065 0.953604 0.000000 -0.301065 0.953604 0.000000 -0.094565 0.995519 0.000000 -0.098018 0.000000 0.995185 0.000000 0.000000 1.000000 0.000000 0.000000 1.000000 -0.098018 0.000000 0.995185 -0.995185 0.000000 -0.098016 -0.995185 0.000000 0.098016 -0.995185 0.000000 0.098016 -0.995185 0.000000 -0.098016 0.820222 0.000000 -0.572045 0.820222 0.000000 -0.572045 0.820222 -0.000001 0.572046 0.820222 -0.000001 0.572046 -0.327569 -0.000000 0.944827 -0.327568 -0.000000 0.944828 -0.251552 0.001580 0.967842 -0.251552 -0.001580 0.967842 0.113525 -0.993535 -0.000000 -0.094564 -0.995519 0.000000 -0.094564 -0.995519 0.000000 0.113525 -0.993535 -0.000000 0.113526 0.993535 -0.000000 0.113526 0.993535 -0.000000 0.000000 -1.000000 0.000000 -0.000000 -1.000000 0.000000 -0.000000 -1.000000 0.000000 0.000000 -1.000000 0.000000 -0.301064 -0.953604 0.000000 -0.301064 -0.953604 0.000000 -0.918106 0.343397 -0.197888 -0.410900 0.909078 -0.068834 -0.418548 0.905484 -0.070115 -0.919163 0.340217 -0.198472 0.000000 1.000000 0.000000 0.000000 1.000000 0.000000 0.000000 -1.000000 0.000000 0.000000 -1.000000 0.000000 -0.000000 1.000000 0.000000 -0.000000 1.000000 0.000000 -0.000000 1.000000 0.000000 -0.000000 1.000000 0.000000 0.000000 0.000000 1.000000 -0.098018 0.000000 0.995185 -0.098018 0.000000 0.995185 0.000000 0.000000 1.000000 -0.000000 0.000000 -1.000000 -0.098018 0.000000 -0.995185 -0.098018 0.000000 -0.995185 -0.000000 0.000000 -1.000000 -0.410896 -0.909080 -0.068834 -0.918104 -0.343402 -0.197888 -0.919161 -0.340222 -0.198472 -0.418542 -0.905487 -0.070115 -0.028275 0.999600 0.000000 -0.028275 0.999600 0.000000 0.308069 -0.951364 -0.000000 -0.028275 -0.999600 0.000000 -0.028275 -0.999600 0.000000 0.308069 -0.951364 -0.000000 0.224996 -0.000000 -0.974360 0.820222 0.000000 -0.572045 
						0.820222 0.000000 -0.572045 0.224996 -0.000000 -0.974360 -0.251556 -0.001578 -0.967842 -0.251556 0.001578 -0.967841 -0.327571 -0.000000 -0.944827 -0.327572 -0.000000 -0.944826 -0.995185 0.000000 0.098016 -0.995185 0.000000 -0.098016 -0.995185 0.000000 -0.098016 -0.995185 0.000000 0.098016 -0.000000 1.000000 0.000000 -0.000000 1.000000 0.000000 -0.000000 1.000000 0.000000 -0.000000 1.000000 0.000000 0.000000 -1.000000 0.000000 0.000000 -1.000000 0.000000 0.000000 -1.000000 0.000000 0.000000 -1.000000 0.000000 0.000000 -1.000000 0.000000 0.000000 -1.000000 0.000000 0.000000 -1.000000 0.000000 0.000000 -1.000000 0.000000 0.000000 -1.000000 0.000000 0.000000 -1.000000 0.000000 -0.098018 0.000000 -0.995185 -0.000000 0.000000 -1.000000 -0.000000 0.000000 -1.000000 -0.098018 0.000000 -0.995185 0.311415 0.001924 -0.950272 0.166910 0.002719 -0.985968 0.147270 0.002399 -0.989093 0.166910 -0.002719 -0.985968 0.311416 -0.001924 -0.950272 0.147270 -0.002399 -0.989093 0.311415 0.001927 0.950272 0.311414 -0.001927 0.950272 0.166910 0.002723 0.985968 0.147270 0.002402 0.989093 0.166910 -0.002723 0.985968 0.147270 -0.002402 0.989093 -0.000000 0.000000 -1.000000 -0.000000 0.000000 -1.000000 -0.000000 0.000000 -1.000000 -0.000000 0.000000 -1.000000 0.166910 0.002723 0.985968 0.147270 0.002402 0.989093 0.166910 -0.002723 0.985968 0.147270 -0.002402 0.989093 0.000000 -1.000000 0.000000 0.000000 -1.000000 0.000000 0.000000 -1.000000 0.000000 0.000000 -1.000000 0.000000 0.000000 1.000000 0.000000 0.000000 1.000000 0.000000 0.000000 1.000000 0.000000 0.000000 1.000000 0.000000 0.000000 1.000000 0.000000 0.000000 1.000000 0.000000 0.000000 1.000000 0.000000 0.000000 1.000000 0.000000 0.000000 1.000000 0.000000 0.000000 1.000000 0.000000 -0.000000 -1.000000 0.000000 -0.000000 -1.000000 0.000000 
						-0.000000 -1.000000 0.000000 -0.000000 -1.000000 0.000000 -0.000000 1.000000 0.000000 -0.000000 1.000000 0.000000 0.000000 -1.000000 0.000000 -0.000000 -1.000000 0.000000 -0.000000 -1.000000 0.000000 0.000000 -1.000000 0.000000 -0.000000 1.000000 0.000000 -0.000000 1.000000 0.000000 -0.000000 1.000000 0.000000 0.000000 1.000000 0.000000 0.000000 1.000000 0.000000 -0.000000 1.000000 0.000000 -0.410900 0.909078 0.068836 -0.418546 0.905485 0.070117 -0.000000 -1.000000 0.000000 -0.000000 -1.000000 0.000000 -0.000000 -1.000000 0.000000 -0.000000 -1.000000 0.000000 -0.923879 0.000000 0.382684 -0.923879 0.000000 0.382684 -0.707106 0.000000 0.707107 -0.707106 0.000000 0.707107 -0.707106 0.000000 0.707107 -0.707106 0.000000 0.707107 -0.382685 0.000000 0.923879 -0.382685 0.000000 0.923879 -0.382685 0.000000 -0.923879 -0.382685 0.000000 -0.923879 -0.707108 0.000000 -0.707106 -0.707108 0.000000 -0.707106 -0.707108 0.000000 -0.707106 -0.707108 0.000000 -0.707106 -0.923880 0.000000 -0.382682 -0.923880 0.000000 -0.382682 -0.382685 0.000000 0.923879 -0.382685 0.000000 0.923879 -0.707106 0.000000 0.707107 -0.707106 0.000000 0.707107 -0.707106 0.000000 0.707107 -0.707106 0.000000 0.707107 -0.923879 0.000000 0.382684 -0.923879 0.000000 0.382684 -0.382685 0.000000 -0.923879 -0.382685 0.000000 -0.923879 -0.707107 0.000000 -0.707106 -0.707107 0.000000 -0.707106 -0.707107 0.000000 -0.707106 -0.707107 0.000000 -0.707106 -0.923880 0.000000 -0.382682 -0.923880 0.000000 -0.382682 -0.410896 -0.909080 0.068837 -0.418540 -0.905487 0.070117 0.072760 -0.000001 -0.997349 0.072761 -0.000001 -0.997349 0.296633 -0.000002 -0.954992 0.296633 -0.000002 -0.954992 -0.004582 -0.000000 -0.999990 -0.004582 -0.000000 -0.999990 0.296631 0.000001 0.954992 0.296631 0.000001 0.954992 0.072761 0.000000 0.997349 0.072760 0.000000 0.997349 
						-0.004582 0.000000 0.999990 -0.004582 0.000000 0.999990 -0.085317 0.000000 0.996354 -0.085317 0.000000 0.996354 -0.996350 0.000000 0.085367 -0.996350 0.000000 0.085367 -0.996349 0.000000 -0.085369 -0.996349 0.000000 -0.085369 -0.928666 0.000000 0.370917 -0.928666 0.000000 0.370917 -0.707108 0.000000 0.707105 -0.707108 0.000000 0.707105 -0.370923 0.000000 0.928663 -0.370923 0.000000 0.928663 -0.085318 0.000000 -0.996354 -0.085318 0.000000 -0.996354 -0.370923 0.000000 -0.928663 -0.370923 0.000000 -0.928663 -0.707108 0.000000 -0.707105 -0.707108 0.000000 -0.707105 -0.928665 0.000000 -0.370919 -0.928665 0.000000 -0.370919 -0.000000 -1.000000 0.000000 0.000000 -1.000000 0.000000 0.000000 -1.000000 0.000000 -0.000000 -1.000000 0.000000 -0.000000 1.000000 0.000000 -0.000000 1.000000 0.000000 -0.000000 1.000000 0.000000 -0.000000 1.000000 0.000000 -0.918105 0.343397 0.197892 -0.918103 -0.343402 0.197893 -0.919160 -0.340223 0.198478 -0.919162 0.340218 0.198477 -0.000000 1.000000 0.000000 -0.000000 1.000000 0.000000 -0.000000 1.000000 0.000000 -0.000000 1.000000 0.000000 0.000000 1.000000 0.000000 0.000000 1.000000 0.000000 -0.410896 -0.909080 0.068837 -0.418540 -0.905487 0.070117 0.000000 -1.000000 0.000000 0.000000 -1.000000 0.000000 -0.000000 -1.000000 0.000000 -0.000000 -1.000000 0.000000 -0.410900 0.909078 0.068836 -0.418546 0.905485 0.070117 -0.000000 1.000000 0.000000 -0.000000 1.000000 0.000000 0.000000 -1.000000 0.000000 0.000000 -1.000000 0.000000 0.000000 1.000000 0.000000 0.000000 1.000000 0.000000 0.820222 -0.000001 0.572046 0.820222 -0.000001 0.572046 0.224995 -0.000001 0.974360 0.224995 -0.000001 0.974360 0.308070 0.951364 -0.000000 0.308070 0.951364 -0.000000 -1.000000 -0.000000 -0.000002 -1.000000 -0.000000 0.000000 -1.000000 -0.000000 0.000000 -1.000000 -0.000000 -0.000002 
						1.000000 0.000000 -0.000001 1.000000 0.000000 0.000002 1.000000 0.000000 0.000003 1.000000 0.000000 -0.000001 1.000000 -0.000020 -0.000047 1.000000 -0.000018 -0.000043 1.000000 -0.000000 -0.000001 1.000000 -0.000000 -0.000002 -0.000000 -0.992058 0.125778 -0.000000 -0.992058 0.125785 -0.000000 -0.772455 0.635070 -0.000000 -0.772470 0.635051 -1.000000 0.000018 0.000043 -1.000000 0.000019 0.000047 -1.000000 0.000018 0.000044 -1.000000 0.000020 0.000047 -0.000000 -0.992058 0.125785 -0.000000 -0.992058 0.125778 -0.000000 -0.981097 -0.193516 -0.000000 -0.981097 -0.193516 -0.000000 0.957309 -0.289065 -0.000001 0.715458 -0.698656 -0.000001 0.715431 -0.698683 -0.000000 0.957309 -0.289065 -1.000000 0.000018 0.000043 -1.000000 0.000020 0.000047 -1.000000 0.000000 -0.000002 -1.000000 0.000000 -0.000001 -1.000000 0.000000 0.000002 -1.000000 0.000000 0.000001 -1.000000 0.000000 0.000000 -1.000000 0.000000 0.000000 0.000000 -0.752538 -0.658549 0.000000 -0.752538 -0.658549 -0.000000 -0.551710 -0.834036 -0.000000 -0.551710 -0.834036 -0.000001 0.157837 -0.987465 -0.000001 0.157837 -0.987465 1.000000 0.000000 0.000001 1.000000 0.000000 0.000002 1.000000 0.000000 0.000000 1.000000 0.000000 0.000001 1.000000 0.000000 0.000003 1.000000 0.000000 0.000003 0.000000 0.221708 0.975113 0.000000 0.221708 0.975113 0.000000 0.715370 0.698746 0.000000 0.715370 0.698746 -0.000000 -0.221763 0.975101 -0.000000 -0.221763 0.975101 0.000000 0.981725 -0.190307 0.000000 0.977649 0.210242 0.000000 0.977649 0.210242 0.000000 0.981725 -0.190307 1.000000 -0.000019 -0.000044 1.000000 -0.000018 -0.000041 1.000000 -0.000018 -0.000043 1.000000 -0.000020 -0.000047 -0.000001 -0.157785 -0.987473 -0.000001 -0.157785 -0.987473 1.000000 0.000000 0.000003 1.000000 0.000000 0.000002 -1.000000 0.000000 0.000002 -1.000000 0.000000 0.000002 
						0.000000 0.977649 0.210242 0.000000 0.977649 0.210242 -1.000000 -0.000000 0.000000 -1.000000 -0.000000 0.000000 1.000000 0.000000 0.000001 1.000000 0.000000 0.000002 1.000000 0.000000 0.000000 1.000000 0.000000 0.000001 -0.000000 -0.827662 0.561226 -0.000000 -0.827662 0.561226 -0.000000 -0.601937 0.798543 -0.000000 -0.601937 0.798543 -0.000000 -0.727349 -0.686268 -0.000000 -0.727349 -0.686268 -0.000000 -0.981097 -0.193516 -0.000000 -0.981097 -0.193516 -1.000000 0.000001 0.000005 -1.000000 0.000002 0.000003 -1.000000 0.000001 -0.000001 -1.000000 0.000002 -0.000001 0.000000 0.594850 0.803837 0.000000 0.817572 0.575826 0.000000 0.817572 0.575826 0.000000 0.594849 0.803837 1.000000 -0.000000 -0.000002 1.000000 -0.000000 -0.000001 1.000000 0.000000 -0.000000 1.000000 0.000000 0.000001 -1.000000 0.000000 -0.000001 -1.000000 0.000000 -0.000002 -1.000000 0.000000 0.000004 -1.000000 0.000000 0.000005 0.000000 0.729438 -0.684047 0.000000 0.729438 -0.684047 0.000000 0.221708 -0.975113 0.000000 0.221708 -0.975113 -0.000000 -0.221765 -0.975100 -0.000000 -0.221765 -0.975100 -1.000000 0.000000 -0.000002 -1.000000 0.000000 -0.000001 0.000000 0.157837 0.987465 0.000000 0.157837 0.987465 0.000000 -0.157785 0.987473 0.000000 -0.157785 0.987473 -1.000000 -0.000000 -0.000002 -1.000000 -0.000000 -0.000002 1.000000 0.000000 0.000003 1.000000 0.000000 0.000001 0.000000 0.981725 -0.190307 0.000000 0.981725 -0.190307 1.000000 0.000000 -0.000001 1.000000 0.000000 -0.000001 -0.100281 -0.448071 0.888356 -0.150903 -0.554866 0.818139 0.103959 0.442010 0.890965 0.117950 0.585251 0.802227 0.111518 -0.975644 -0.188900 0.113145 -0.974843 0.192038 -0.144757 -0.967722 0.206299 -0.138976 -0.967771 -0.210011 0.252173 0.935669 0.246844 0.213327 0.953489 0.212955 -0.472264 0.857391 0.204568 -0.432716 0.790931 0.432649 
						-0.199113 -0.953353 0.226873 0.468427 -0.849947 0.241177 0.465924 -0.854701 -0.228914 -0.212862 -0.949848 -0.229083 -0.430964 0.790682 -0.434847 -0.466281 0.857702 -0.216630 0.227337 0.951143 -0.208914 0.134153 0.586703 -0.798613 0.432504 -0.791076 0.432595 0.468427 -0.849947 0.241177 -0.199113 -0.953353 0.226873 0.111424 0.433888 -0.894050 -0.165583 -0.555276 -0.815016 -0.108272 -0.439684 -0.891603 0.000014 0.000009 1.000000 0.000003 0.000016 1.000000 0.000003 0.000016 1.000000 0.000014 0.000009 1.000000 -0.000010 0.000012 1.000000 -0.000010 0.000013 1.000000 -0.000016 0.000001 1.000000 -0.000016 0.000001 1.000000 -0.000005 -0.000002 1.000000 -0.000012 -0.000004 1.000000 -0.878927 0.190799 -0.437131 -0.952444 0.207128 -0.223491 -0.736970 -0.519889 -0.431962 -0.794293 -0.566444 -0.219637 -0.141536 -0.892540 -0.428181 0.134891 -0.916200 -0.377335 0.265070 0.933058 -0.243188 0.881096 -0.191127 0.432597 0.947304 -0.204294 0.246736 0.738412 0.521649 0.427352 0.796743 0.554267 0.240809 0.138615 0.893934 0.426225 0.168496 0.957801 0.232867 -0.100299 0.923864 0.369344 -0.133014 0.972919 0.189039 -0.242441 -0.942481 -0.230111 -0.957905 0.206982 0.198939 -0.881115 0.190926 0.432648 -0.799811 -0.566271 0.199098 -0.738950 -0.520202 0.428185 -0.143078 -0.892644 0.427452 0.135204 -0.915821 0.378141 -0.234832 -0.944871 0.228192 -0.000014 -0.000007 -1.000000 -0.000003 -0.000015 -1.000000 -0.000003 -0.000015 -1.000000 -0.000014 -0.000007 -1.000000 0.000010 -0.000013 -1.000000 0.000010 -0.000013 -1.000000 0.000016 -0.000002 -1.000000 0.000016 -0.000001 -1.000000 0.000012 0.000004 -1.000000 0.000005 0.000002 -1.000000 0.947304 -0.204294 0.246736 0.952953 -0.206628 -0.221776 0.796743 0.554267 0.240809 0.799254 0.559336 -0.219853 0.168496 0.957801 0.232867 0.164037 0.959610 -0.228563 -0.133014 0.972919 0.189039 
						-0.131786 0.972455 -0.192258 0.883136 -0.191847 -0.428094 0.432093 -0.792500 -0.430395 0.739520 0.523180 -0.423548 0.137620 0.894431 -0.425506 -0.100652 0.923624 -0.369848 -0.002432 -0.984710 -0.174185 -0.002442 -0.984720 0.174130 0.000000 0.514241 0.857646 0.000000 0.970070 0.242824 0.000000 -0.514858 -0.857275 0.000000 -0.970245 -0.242126 -0.234832 -0.944871 0.228192 0.000000 -0.970245 0.242126 0.000000 -0.514858 0.857275 0.000000 0.970070 -0.242825 0.000000 0.514240 -0.857646 0.000000 -0.970245 0.242126 0.000288 -0.939266 -0.343190 0.000268 -0.939268 0.343183 -0.019399 0.938041 0.345982 -0.022585 0.984295 0.175083 -0.023206 0.984212 -0.175465 -0.020626 0.937928 -0.346215 0.000000 0.000000 -1.000000 0.000000 0.000000 -1.000000 0.000000 0.000000 1.000000 0.000000 0.000000 1.000000 -0.022585 0.984295 0.175083 -0.023206 0.984212 -0.175465 
					</float_array>
					<technique_common>
						<accessor count="478" offset="0" source="#meshId0-normals-array" stride="3">
							<param name="X" type="float" />
							<param name="Y" type="float" />
							<param name="Z" type="float" />
						</accessor>
					</technique_common>
				</source>
				<source id="meshId0-tangents" name="meshId0-tangents">
					<float_array id="meshId0-tangents-array" count="1434"> 
						0.000192 0.000018 -1.000000 0.000193 0.000061 -1.000000 0.000193 0.000061 -1.000000 0.000192 0.000018 -1.000000 -0.157493 0.987398 -0.015512 -0.008124 0.999967 0.000000 -0.007513 0.999972 0.000000 -0.149379 0.988671 -0.014713 0.097406 -0.111441 -0.988986 -0.097522 0.100269 -0.990169 -0.097535 0.098963 -0.990300 0.097408 -0.111172 -0.989016 -0.572045 -0.000247 -0.820222 -0.572045 -0.000247 -0.820222 0.572046 -0.000248 -0.820222 0.572046 -0.000248 -0.820221 0.944827 0.000001 0.327569 0.944828 0.000002 0.327568 0.964566 0.082645 0.250566 0.962979 -0.100541 0.250124 -0.000211 -0.000024 -1.000000 -0.000193 0.000018 -1.000000 -0.000193 0.000018 -1.000000 -0.000200 -0.000023 -1.000000 0.000189 -0.000022 -1.000000 0.000200 -0.000023 -1.000000 0.495955 0.000000 -0.868348 0.579012 -0.000000 -0.815319 0.493478 -0.000000 -0.869759 0.450161 0.000000 -0.892947 -0.000194 0.000061 -1.000000 -0.000194 0.000061 -1.000000 -0.232703 -0.062883 0.970513 -0.359449 -0.092157 0.928603 -0.382692 -0.105825 0.917795 -0.265751 -0.163761 0.950031 -0.000107 0.000000 -1.000000 0.000622 -0.000000 -1.000000 0.000066 0.000000 -1.000000 -0.000643 -0.000000 -1.000000 -0.495925 -0.000000 -0.868365 -0.578979 -0.000000 -0.815343 -0.493428 -0.000000 -0.869787 -0.450127 -0.000000 -0.892964 -0.008112 -0.999967 0.000000 -0.155544 -0.987710 -0.015320 -0.162991 -0.986497 -0.016053 -0.008778 -0.999961 0.000000 0.004189 -0.999991 -0.000000 0.155525 -0.987713 -0.015318 0.162982 -0.986498 -0.016053 0.005156 -0.999987 -0.000000 -0.365016 0.094857 0.926156 -0.255606 0.131437 0.957805 -0.235275 0.070123 0.969396 -0.353682 0.091400 0.930890 0.000194 0.000006 -1.000000 0.000194 0.000006 -1.000000 -0.000193 -0.000062 -1.000000 -0.000195 0.000006 -1.000000 -0.000195 0.000006 -1.000000 -0.000194 -0.000063 -1.000000 -0.974356 -0.002819 -0.224995 -0.572042 -0.003140 -0.820218 
						-0.572042 -0.003119 -0.820218 -0.974356 -0.002813 -0.224995 -0.963257 0.097638 0.250205 -0.954152 -0.168008 0.247724 -0.944822 -0.002971 0.327570 -0.944822 -0.002986 0.327570 -0.097406 -0.111399 -0.988991 0.097521 0.100310 -0.990165 0.097534 0.099005 -0.990295 -0.097409 -0.111131 -0.989021 0.322708 0.000000 0.946499 0.418748 0.000000 0.908102 0.475542 0.000000 0.879693 0.416274 0.000000 0.909239 -0.000247 -0.000000 -1.000000 -0.001616 -0.000000 -0.999999 0.002941 0.000000 -0.999996 0.001105 0.000000 -0.999999 0.000142 0.000000 -1.000000 -0.018747 -0.000000 -0.999824 -0.006995 -0.000000 -0.999976 -0.160692 -0.000000 -0.987005 0.199832 0.000000 -0.979830 -0.004907 -0.000000 -0.999988 0.157513 0.987395 -0.015514 0.004425 0.999990 -0.000000 0.003496 0.999994 -0.000000 0.149380 0.988670 -0.014713 -0.927769 -0.215729 -0.304477 -0.846948 -0.511583 -0.144786 -0.825274 -0.550902 -0.124214 -0.720926 0.681843 -0.123922 -0.909900 0.287784 -0.298768 -0.850267 0.510592 -0.127838 0.929735 0.206168 -0.305103 0.942015 -0.130930 -0.308974 0.903635 0.399629 -0.154076 0.956676 0.253582 -0.143059 0.963995 -0.209510 -0.163768 0.966788 -0.210836 -0.144461 -0.708924 -0.705285 0.000000 -0.703345 -0.710849 0.000000 -0.631983 0.774983 0.000000 -0.709808 0.704395 0.000000 -0.007552 0.999970 -0.001483 -0.007203 0.999973 -0.001356 -0.007681 -0.999969 -0.001461 -0.008043 -0.999967 -0.001231 -0.592602 -0.000000 -0.805495 -0.462905 -0.000000 -0.886408 -0.406441 -0.000000 -0.913677 -0.523913 -0.000000 -0.851772 0.000203 -0.000000 -1.000000 0.001550 -0.000000 -0.999999 -0.002981 0.000000 -0.999995 -0.001144 0.000000 -0.999999 -0.000183 0.000000 -1.000000 0.018711 -0.000000 -0.999825 0.006963 -0.000000 -0.999976 0.160667 -0.000000 -0.987009 -0.199868 0.000000 -0.979823 0.004869 -0.000000 -0.999988 0.463359 -0.000000 0.886171 0.429116 -0.000000 0.903250 
						0.338798 -0.000000 0.940859 0.431340 -0.000000 0.902189 -0.193928 -0.000000 -0.981016 -0.183242 -0.000000 -0.983068 -0.003173 -0.000000 0.999995 -0.168926 0.000000 0.985629 -0.230301 0.000000 0.973119 -0.004411 -0.000000 0.999990 0.168891 0.000000 0.985635 0.230276 0.000000 0.973125 -0.250485 -0.000000 0.968120 -0.004999 0.000000 0.999987 -0.003706 0.000000 0.999993 -0.163060 -0.000000 0.986616 0.025228 -0.064138 0.997622 0.026513 -0.064990 0.997534 -0.179577 0.000000 -0.983744 -0.167654 0.000000 -0.985846 0.250461 -0.000000 0.968127 0.163034 -0.000000 0.986620 -0.371918 0.235535 -0.897887 -0.367032 0.283070 -0.886092 -0.706608 0.037565 -0.706607 -0.700347 0.137950 -0.700346 -0.118574 0.985840 -0.118574 -0.103734 0.989181 -0.103734 -0.104861 0.993538 -0.043435 -0.107467 0.993212 -0.044514 0.120743 -0.991423 -0.050014 0.113558 -0.992417 -0.047037 0.146098 -0.978422 -0.146099 0.125362 -0.984159 -0.125362 0.684803 -0.249173 -0.684805 0.692778 -0.200288 -0.692780 0.377980 -0.156269 -0.912530 0.376376 -0.180783 -0.908657 -0.120743 -0.991423 -0.050014 -0.113560 -0.992417 -0.047038 -0.146095 -0.978423 -0.146095 -0.125360 -0.984160 -0.125359 -0.684809 -0.249147 -0.684808 -0.692784 -0.200254 -0.692783 -0.377985 -0.156225 -0.912535 -0.376381 -0.180745 -0.908663 0.107453 0.993213 -0.044509 0.104855 0.993539 -0.043433 0.118554 0.985845 -0.118554 0.103717 0.989184 -0.103717 0.706606 0.037595 -0.706607 0.700343 0.137975 -0.700344 0.367027 0.283092 -0.886087 0.371913 0.235558 -0.897882 0.025829 0.063867 0.997624 0.026774 0.064869 0.997535 0.000000 -1.000000 0.000001 0.000001 -1.000000 0.000001 -0.000000 -1.000000 0.000002 0.000000 -1.000000 0.000002 0.000000 -1.000000 0.000000 0.000000 -1.000000 0.000000 0.000000 -1.000000 0.000001 -0.000003 -1.000000 0.000002 -0.000001 -1.000000 0.000000 -0.000002 -1.000000 0.000000 
						0.000000 -1.000000 0.000000 -0.000001 -1.000000 -0.000000 0.000000 -1.000000 0.000000 0.000000 -1.000000 0.000000 0.000000 -1.000000 0.000000 0.000000 -1.000000 0.000000 0.000000 -1.000000 -0.000001 0.000000 -1.000000 0.000000 0.000000 -1.000000 0.000000 0.000000 -1.000000 0.000000 0.000000 -1.000000 0.000000 0.000000 -1.000000 0.000000 0.000000 -1.000000 0.000000 0.000000 -1.000000 0.000000 0.000000 -1.000000 0.000000 0.000000 -1.000000 0.000000 0.000000 -1.000000 0.000000 0.000000 -1.000000 0.000000 0.000001 -1.000000 -0.000001 0.000000 -1.000000 0.000000 0.000000 -1.000000 -0.000001 0.000000 -1.000000 -0.000001 -0.322724 0.000000 0.946493 -0.418759 -0.000000 0.908097 -0.475556 -0.000000 0.879686 -0.416283 0.000000 0.909235 0.592626 0.000000 -0.805478 0.462936 0.000000 -0.886392 0.406475 0.000000 -0.913662 0.523945 0.000000 -0.851752 0.247818 0.107725 0.962799 0.231598 -0.059641 0.970981 0.253435 -0.125098 0.959230 0.231994 0.060406 0.970840 -0.463370 -0.000000 0.886165 -0.429134 -0.000000 0.903241 -0.338818 -0.000000 0.940852 -0.431355 -0.000000 0.902182 0.002742 -0.000000 0.999996 0.005042 -0.000000 0.999987 0.301355 -0.064172 0.951350 0.298147 -0.064064 0.952368 0.005670 0.000000 0.999984 0.003293 0.000000 0.999995 0.193966 -0.000000 -0.981008 0.183277 -0.000000 -0.983061 0.296881 0.062035 0.952897 0.298211 0.064098 0.952345 0.179612 0.000000 -0.983738 0.167687 0.000000 -0.985840 -0.433656 -0.000000 0.901078 -0.433629 -0.000000 0.901092 -0.440311 0.000000 0.897845 -0.436682 0.000000 0.899616 0.572046 -0.000010 -0.820222 0.572046 -0.000005 -0.820222 0.974360 0.000000 -0.224995 0.974360 -0.000007 -0.224995 0.000193 -0.000063 -1.000000 0.000193 -0.000063 -1.000000 0.000000 -1.000000 -0.000009 0.000000 -1.000000 -0.000023 0.000000 -1.000000 -0.000023 0.000000 -1.000000 -0.000009 
						-0.000000 1.000000 -0.000005 -0.000000 1.000000 0.000023 -0.000000 1.000000 0.000023 -0.000000 1.000000 -0.000005 0.000020 1.000000 0.000362 0.000018 1.000000 0.000362 0.000000 1.000000 0.000347 0.000000 1.000000 0.000347 0.109945 -0.125016 -0.986044 -0.041565 -0.125676 -0.991200 -0.027422 -0.634831 -0.772164 -0.005581 -0.635041 -0.772458 -0.000047 -0.345840 -0.938293 -0.000047 -0.674947 -0.737866 -0.000043 -0.711995 -0.702185 -0.000051 -0.379325 -0.925264 1.000000 -0.000000 0.000000 1.000000 -0.000000 0.000000 1.000000 -0.000000 0.000000 1.000000 -0.000000 0.000000 0.020682 -0.289003 -0.957105 0.016895 -0.698556 -0.715356 -0.008450 -0.698658 -0.715406 0.061538 -0.288517 -0.955495 -0.000018 -1.000000 -0.000361 -0.000020 -1.000000 -0.000361 0.000000 -1.000000 -0.000377 0.000000 -1.000000 -0.000377 0.000000 -0.992652 0.121005 0.000000 -0.972394 0.233343 0.000000 -0.755032 0.655688 0.000000 -0.833459 0.552581 -0.021702 -0.658394 0.752361 -0.075678 -0.656661 0.750380 -0.031714 -0.833616 0.551433 -0.020705 -0.833857 0.551592 0.004771 -0.987454 -0.157835 -0.039171 -0.986707 -0.157716 -0.000001 -0.849470 0.527637 -0.000001 -0.776856 0.629678 -0.000000 -0.963181 0.268852 -0.000000 -0.988594 0.150602 0.000001 -0.958350 -0.285596 0.000000 -0.986326 -0.164808 -0.002639 -0.975110 0.221708 0.005519 -0.975098 0.221705 0.078979 -0.696563 0.713135 -0.108147 -0.694648 0.711174 -0.030764 -0.974639 -0.221658 0.030529 -0.974646 -0.221660 -1.000000 0.000000 -0.000000 -1.000000 0.000000 0.000000 -1.000000 0.000000 0.000000 -1.000000 0.000000 -0.000000 -0.000046 -0.648951 -0.760831 -0.000042 -0.687116 -0.726548 -0.000047 -0.324847 -0.945767 -0.000050 -0.336619 -0.941641 -0.007175 -0.987448 0.157781 0.008786 -0.987435 0.157779 -0.000002 -0.715392 0.698723 -0.000001 -0.637068 0.770807 -0.000001 -0.946292 -0.323314 -0.000000 -0.979067 -0.203537 
						0.195798 -0.206172 0.958726 -0.151919 -0.207802 0.966302 0.000000 -0.745763 0.666211 0.000000 -0.633305 0.773902 -0.000000 0.990702 0.136049 -0.000000 0.968612 0.248578 -0.000000 0.737666 0.675166 -0.000000 0.799248 0.601002 0.090425 0.558927 0.824272 0.025091 0.561050 0.827402 0.013531 0.798470 0.601882 0.025406 0.798286 0.601743 -0.095562 0.683127 -0.724020 0.055400 0.685214 -0.726232 0.173271 0.190589 -0.966257 -0.134259 0.191764 -0.972215 0.000001 0.989990 -0.141136 0.000001 0.967491 -0.252904 0.000002 0.737109 -0.675774 0.000002 0.804432 -0.594045 -0.019257 0.803688 -0.594739 -0.028153 0.575597 -0.817249 -0.093737 0.573290 -0.813973 -0.028494 0.803511 -0.594608 -0.000002 0.648475 -0.761236 -0.000001 0.581457 -0.813577 -0.000000 0.747946 -0.663760 0.000000 0.820509 -0.571633 -0.000001 0.819688 0.572811 -0.000001 0.741507 0.670945 0.000001 0.958166 0.286214 0.000001 0.986519 0.163646 0.051433 0.683141 0.728473 -0.098109 0.680747 0.725919 0.001668 0.975112 0.221708 -0.008967 0.975074 0.221699 -0.009419 0.975057 -0.221755 0.001999 0.975098 -0.221764 0.000001 0.683002 -0.730417 0.000001 0.594216 -0.804306 0.021857 0.987229 -0.157799 -0.002795 0.987461 -0.157836 -0.014740 0.987366 0.157768 0.006754 0.987451 0.157782 -0.000002 0.675245 0.737593 -0.000001 0.581513 0.813537 0.000001 0.957859 -0.287239 0.000000 0.986440 -0.164121 0.164425 0.187717 0.968363 -0.138331 0.188477 0.972286 0.000001 0.635783 0.771868 0.000001 0.578590 0.815618 0.088955 0.885243 0.456543 0.178591 0.798697 0.574621 0.201507 0.867880 -0.454070 0.092793 0.797836 -0.595691 0.025597 0.192843 -0.980896 0.042658 -0.188335 -0.981178 -0.007190 -0.207461 -0.978217 0.100621 0.197172 -0.975192 0.064240 0.238339 -0.969055 0.017993 0.214101 -0.976646 -0.120696 0.166993 -0.978543 -0.227330 0.368670 -0.901334 
						0.056311 0.219996 0.973874 -0.113080 0.213056 0.970474 0.133918 -0.187614 0.973071 0.015589 -0.237728 0.971207 0.254324 -0.355930 -0.899240 0.117565 -0.182628 -0.976128 0.009247 -0.216630 -0.976210 -0.032561 -0.802853 -0.595287 -0.225366 0.369711 0.901401 -0.166919 0.182924 0.968853 -0.047599 0.240644 0.969446 -0.142836 -0.883319 -0.446481 -0.131055 -0.806705 0.576239 -0.056326 -0.892721 0.447075 -0.489752 0.871862 -0.000001 -0.973906 0.226951 -0.000000 -0.984375 0.176084 0.000001 -0.529340 0.848410 0.000000 -0.814605 -0.580016 -0.000001 -0.784688 -0.619891 0.000000 -0.176619 -0.984279 -0.000002 -0.138327 -0.990387 -0.000001 0.130136 -0.991496 -0.000001 0.154908 -0.987929 -0.000002 0.427697 -0.090353 -0.899395 0.213328 -0.070461 -0.974436 0.369462 0.225314 -0.901516 0.207346 0.087066 -0.974386 0.157038 0.406815 -0.899912 0.018000 0.383018 -0.923565 -0.018717 -0.247183 -0.968788 -0.424324 0.084460 0.901563 -0.251990 0.000304 0.967730 -0.340207 -0.258996 0.903980 -0.162244 -0.187662 0.968741 -0.069857 -0.420482 0.904608 -0.005663 -0.235300 0.971906 0.067446 -0.364048 0.928935 0.056563 -0.182971 0.981490 -0.027499 -0.230416 0.972704 -0.200742 0.012473 -0.979565 -0.424085 0.085818 -0.901547 -0.137319 -0.150282 -0.979060 -0.338765 -0.262480 -0.903517 -0.067846 -0.422034 -0.904038 0.060123 -0.373359 -0.925736 0.065101 0.218942 0.973564 0.514766 -0.857330 -0.000001 0.969583 -0.244764 0.000000 0.980502 -0.196511 -0.000000 0.554214 -0.832374 -0.000002 0.855232 0.518245 0.000001 0.830626 0.556830 0.000001 0.293543 0.955946 0.000003 0.263632 0.964623 0.000003 -0.029256 0.999572 0.000004 -0.031652 0.999499 0.000002 -0.239993 0.057549 0.969067 0.216884 -0.046331 0.975097 -0.202864 -0.130050 0.970532 0.186821 0.116462 0.975466 -0.047075 -0.228155 0.972486 0.077510 0.218446 0.972766 0.021009 -0.187923 0.981959 
						-0.000129 0.193933 0.981015 0.411234 -0.122514 0.903259 0.227235 -0.366172 0.902376 0.380690 0.193861 0.904153 0.156107 0.404638 0.901054 0.000729 0.371805 0.928311 -0.025488 0.174190 -0.984382 0.038004 -0.174096 -0.983995 0.276121 0.824303 -0.494249 0.105004 0.241482 -0.964708 -0.156027 -0.846776 0.508552 -0.052456 -0.241792 0.968909 0.041826 0.224718 0.973526 0.223616 0.235995 0.945676 0.282005 0.822481 0.493961 -0.030897 -0.242709 -0.969607 -0.137672 -0.849480 -0.509343 0.009131 0.242116 0.970204 -0.096512 0.341561 -0.934891 0.049570 -0.342749 -0.938118 0.061570 -0.344269 0.936850 0.059047 -0.173508 0.983061 -0.113567 0.171781 0.978567 -0.101584 0.342531 0.933999 -0.218818 0.975766 -0.000000 -0.208906 0.977936 -0.000000 0.069906 -0.997554 -0.000000 0.073360 -0.997306 -0.000000 -0.005971 -0.175257 0.984505 -0.008204 0.175319 0.984477 
					</float_array>
					<technique_common>
						<accessor count="478" offset="0" source="#meshId0-tangents-array" stride="3">
							<param name="X" type="float" />
							<param name="Y" type="float" />
							<param name="Z" type="float" />
						</accessor>
					</technique_common>
				</source>
				<source id="meshId0-bitangents" name="meshId0-bitangents">
					<float_array id="meshId0-bitangents-array" count="1434"> 
						-0.995519 -0.094565 -0.000193 -0.953604 -0.301065 -0.000202 -0.953604 -0.301065 -0.000202 -0.995519 -0.094565 -0.000193 -0.982644 -0.158255 -0.096783 -0.999967 -0.008124 0.000000 -0.999972 -0.007513 0.000000 -0.983910 -0.150101 -0.096907 -0.010923 -0.993771 0.110904 -0.009828 -0.994960 -0.099786 -0.009700 -0.995091 -0.098486 -0.010897 -0.993801 0.110636 -0.000142 1.000000 -0.000203 -0.000142 1.000000 -0.000203 0.000142 1.000000 -0.000203 0.000142 1.000000 -0.000203 -0.000001 1.000000 -0.000000 -0.000002 1.000000 -0.000000 -0.079591 0.996578 -0.022314 0.096913 0.994932 0.026813 0.993535 0.113525 -0.000213 0.995519 -0.094564 -0.000194 0.995519 -0.094564 -0.000194 0.993535 0.113525 -0.000201 -0.993535 0.113526 -0.000190 -0.993535 0.113526 -0.000201 0.868348 0.000000 0.495955 0.815319 -0.000000 0.579012 0.869759 -0.000000 0.493478 0.892947 0.000000 0.450161 0.953604 -0.301064 -0.000203 0.953604 -0.301064 -0.000203 0.320827 0.937083 0.137643 0.837829 0.406306 0.364635 0.823629 0.410974 0.390815 0.290714 0.925978 0.240936 -1.000000 0.000000 0.000107 -1.000000 0.000000 -0.000622 1.000000 0.000000 0.000066 1.000000 0.000000 -0.000643 -0.868365 -0.000000 0.495925 -0.815343 -0.000000 0.578979 -0.869787 -0.000000 0.493428 -0.892964 -0.000000 0.450127 0.999967 -0.008112 -0.000000 0.982954 -0.156296 0.096813 0.981747 -0.163779 0.096694 0.999961 -0.008778 -0.000000 -0.999991 -0.004189 0.000000 -0.982957 -0.156277 0.096814 -0.981748 -0.163771 0.096695 -0.999987 -0.005156 0.000000 -0.835421 0.405679 -0.370805 -0.302902 0.929946 -0.208448 -0.315892 0.937727 -0.144500 -0.836500 0.414415 -0.358509 -0.999600 -0.028275 -0.000194 -0.999600 -0.028275 -0.000194 0.951364 0.308069 -0.000203 0.999600 -0.028275 -0.000195 0.999600 -0.028275 -0.000195 0.951364 0.308069 -0.000203 -0.002746 0.999996 -0.000634 -0.001796 0.999995 -0.002575 
						-0.001784 0.999995 -0.002558 -0.002741 0.999996 -0.000633 0.094104 0.995221 -0.026081 -0.162215 0.985784 0.043769 -0.002807 0.999996 0.000973 -0.002821 0.999996 0.000978 0.010919 -0.993776 0.110863 0.009832 -0.994956 -0.099827 0.009704 -0.995087 -0.098528 0.010893 -0.993806 0.110596 0.946499 0.000000 -0.322708 0.908102 0.000000 -0.418748 0.879693 0.000000 -0.475542 0.909239 0.000000 -0.416274 1.000000 0.000000 -0.000247 0.999999 0.000000 -0.001616 0.999996 0.000000 0.002941 0.999999 0.000000 0.001105 1.000000 0.000000 0.000142 0.999824 0.000000 -0.018747 0.999976 0.000000 -0.006995 0.987005 0.000000 -0.160692 0.979830 0.000000 0.199832 0.999988 0.000000 -0.004907 0.982640 -0.158275 -0.096783 0.999990 -0.004425 -0.000000 0.999994 -0.003496 -0.000000 0.983909 -0.150103 -0.096908 -0.205587 0.976451 -0.065397 -0.504798 0.859230 -0.083085 -0.545192 0.834566 -0.079151 0.672612 0.731494 0.111846 0.274048 0.957693 0.087870 0.505330 0.859820 0.073155 -0.196504 0.978515 0.062412 0.125014 0.991390 -0.038958 -0.394442 0.916673 0.064242 -0.251160 0.967311 0.035047 0.207016 0.977803 -0.032344 0.208883 0.977519 -0.028727 -0.705285 0.708924 0.000000 -0.710849 0.703345 0.000000 0.774983 0.631983 -0.000000 0.704395 0.709808 -0.000000 -0.985943 -0.007198 0.166926 -0.989070 -0.006925 0.147284 0.985942 -0.007330 -0.166925 0.989064 -0.007774 -0.147284 0.805495 0.000000 -0.592602 0.886408 0.000000 -0.462905 0.913677 0.000000 -0.406441 0.851772 0.000000 -0.523913 -1.000000 0.000000 -0.000203 -0.999999 0.000000 -0.001550 -0.999995 0.000000 0.002981 -0.999999 0.000000 0.001144 -1.000000 0.000000 0.000183 -0.999825 0.000000 -0.018711 -0.999976 0.000000 -0.006963 -0.987009 0.000000 -0.160667 -0.979823 0.000000 0.199868 -0.999988 0.000000 -0.004869 -0.886171 0.000000 0.463359 -0.903250 0.000000 0.429116 
						-0.940859 0.000000 0.338798 -0.902189 0.000000 0.431340 -0.981016 -0.000000 0.193928 -0.983068 -0.000000 0.183242 -0.999995 -0.000000 -0.003173 -0.985629 0.000000 -0.168926 -0.973119 0.000000 -0.230301 -0.999990 -0.000000 -0.004411 0.985635 0.000000 -0.168891 0.973125 0.000000 -0.230276 0.968120 0.000000 0.250485 0.999987 -0.000000 0.004999 0.999993 -0.000000 0.003706 0.986616 0.000000 0.163060 0.911331 0.411660 0.003420 0.907809 0.419372 0.003194 0.983744 -0.000000 -0.179577 0.985846 -0.000000 -0.167654 -0.968127 0.000000 0.250461 -0.986620 0.000000 0.163034 -0.090135 -0.971866 -0.217606 -0.108327 -0.959099 -0.261523 -0.026562 -0.999294 -0.026562 -0.097545 -0.990439 -0.097545 -0.697095 -0.167689 -0.697093 -0.699457 -0.146701 -0.699456 -0.917909 -0.113501 -0.380212 -0.917607 -0.116321 -0.380087 -0.915955 -0.130692 0.379402 -0.916874 -0.122914 0.379783 -0.691848 -0.206615 0.691850 -0.695904 -0.177288 0.695907 -0.176191 -0.968459 0.176192 -0.141625 -0.979737 0.141626 -0.059801 -0.987714 0.144374 -0.069182 -0.983523 0.167022 0.915955 -0.130692 0.379403 0.916873 -0.122916 0.379783 0.691851 -0.206610 0.691849 0.695907 -0.177285 0.695905 0.176174 -0.968466 0.176173 0.141601 -0.979744 0.141601 0.059785 -0.987721 0.144333 0.069168 -0.983530 0.166986 0.917609 -0.116307 -0.380088 0.917909 -0.113495 -0.380212 0.697097 -0.167661 -0.697098 0.699458 -0.146678 -0.699459 0.026584 -0.999293 -0.026584 0.097563 -0.990436 -0.097563 0.108334 -0.959093 -0.261543 0.090144 -0.971860 -0.217627 -0.911316 0.411698 -0.002762 -0.907804 0.419386 -0.002907 -0.997349 -0.000000 -0.072760 -0.997349 -0.000001 -0.072761 -0.954992 0.000000 -0.296633 -0.954992 -0.000001 -0.296633 -0.999990 0.000000 0.004582 -0.999990 -0.000000 0.004582 0.954992 -0.000000 -0.296631 0.954992 -0.000003 -0.296631 0.997349 -0.000001 -0.072761 0.997349 -0.000002 -0.072760 
						0.999990 0.000000 0.004582 0.999990 -0.000001 0.004582 0.996354 0.000000 0.085317 0.996354 0.000000 0.085317 0.085367 0.000000 0.996350 0.085367 0.000000 0.996350 -0.085369 -0.000001 0.996349 -0.085369 0.000000 0.996349 0.370917 0.000000 0.928666 0.370917 0.000000 0.928666 0.707105 0.000000 0.707108 0.707105 0.000000 0.707108 0.928664 0.000000 0.370923 0.928664 0.000000 0.370923 -0.996354 0.000000 0.085318 -0.996354 0.000000 0.085318 -0.928664 0.000000 0.370923 -0.928664 0.000000 0.370923 -0.707105 -0.000001 0.707108 -0.707105 0.000000 0.707108 -0.370919 -0.000001 0.928665 -0.370919 -0.000001 0.928665 -0.946493 0.000000 -0.322724 -0.908097 -0.000000 -0.418759 -0.879686 -0.000000 -0.475556 -0.909235 0.000000 -0.416283 -0.805478 -0.000000 -0.592626 -0.886392 -0.000000 -0.462936 -0.913662 -0.000000 -0.406475 -0.851752 -0.000000 -0.523945 0.309304 0.932992 -0.184003 -0.321635 0.937293 0.134288 -0.301523 0.931986 0.201209 0.318308 0.938404 -0.134451 0.886165 0.000000 0.463370 0.903241 0.000000 0.429134 0.940852 0.000000 0.338818 0.902182 0.000000 0.431355 0.999996 -0.000000 -0.002742 0.999987 -0.000000 -0.005042 -0.860436 0.411650 0.300324 -0.857865 0.419509 0.296782 -0.999984 -0.000000 0.005670 -0.999995 -0.000000 0.003293 0.981008 -0.000000 0.193966 0.983061 -0.000000 0.183277 0.861987 0.411982 -0.295379 0.857840 0.419510 -0.296854 -0.983738 -0.000000 -0.179612 -0.985840 -0.000000 -0.167687 -0.901078 -0.000000 -0.433656 -0.901092 -0.000000 -0.433629 0.897845 -0.000000 0.440311 0.899616 -0.000000 0.436682 0.000006 1.000000 -0.000008 0.000004 1.000000 -0.000004 -0.000000 1.000000 0.000001 0.000007 1.000000 -0.000001 -0.951364 0.308070 -0.000203 -0.951364 0.308070 -0.000203 -0.000002 -0.000009 1.000000 0.000000 -0.000023 1.000000 0.000000 -0.000023 1.000000 -0.000002 -0.000009 1.000000 
						0.000001 0.000005 1.000000 -0.000002 -0.000023 1.000000 -0.000003 -0.000023 1.000000 0.000001 0.000005 1.000000 0.000047 -0.000362 1.000000 0.000043 -0.000362 1.000000 0.000001 -0.000347 1.000000 0.000002 -0.000347 1.000000 0.993938 0.013829 0.109072 0.999136 -0.005228 -0.041234 0.999624 -0.017415 -0.021182 0.999984 -0.003544 -0.004311 -0.000002 -0.938293 0.345840 0.000017 -0.737866 0.674947 0.000019 -0.702185 0.711995 -0.000000 -0.925264 0.379325 0.000000 0.125785 0.992058 0.000000 0.125778 0.992058 -0.000000 -0.193516 0.981097 -0.000000 -0.193516 0.981097 -0.999786 -0.005979 -0.019799 -0.999857 -0.011804 -0.012087 -0.999964 0.005903 0.006045 -0.998105 -0.017788 -0.058911 0.000043 -0.000361 1.000000 0.000047 -0.000361 1.000000 -0.000002 -0.000377 1.000000 -0.000001 -0.000377 1.000000 0.000002 0.121005 0.992652 0.000001 0.233343 0.972394 0.000000 0.655688 0.755032 0.000000 0.552581 0.833459 -0.999765 0.014292 -0.016331 -0.997132 0.049837 -0.056950 -0.999497 0.026451 -0.017497 -0.999786 0.017269 -0.011423 -0.999989 -0.004711 -0.000752 -0.999232 0.038680 0.006184 0.000001 -0.527637 -0.849470 0.000001 -0.629678 -0.776856 0.000000 -0.268852 -0.963181 0.000001 -0.150602 -0.988594 0.000003 0.285596 -0.958350 0.000003 0.164808 -0.986326 0.999997 -0.002573 0.000585 0.999985 0.005382 -0.001224 0.996876 0.055186 -0.056499 0.994135 -0.075567 0.077365 0.999527 -0.029998 -0.006822 0.999534 0.029769 0.006770 0.000000 0.190307 0.981725 -0.000000 -0.210242 0.977649 -0.000000 -0.210242 0.977649 0.000000 0.190307 0.981725 -0.000014 0.760831 -0.648951 -0.000015 0.726548 -0.687116 0.000003 0.945767 -0.324847 0.000003 0.941641 -0.336619 -0.999974 0.007086 -0.001131 -0.999961 -0.008675 0.001387 0.000002 -0.698723 -0.715392 0.000001 -0.770807 -0.637068 0.000002 -0.323314 0.946292 0.000002 -0.203537 0.979067 
						0.980644 0.041165 -0.191422 0.988393 -0.031940 0.148524 0.000000 0.666211 0.745763 0.000000 0.773902 0.633305 -0.000001 -0.136049 0.990702 -0.000002 -0.248578 0.968612 -0.000000 -0.675166 0.737666 -0.000001 -0.601002 0.799248 -0.995903 0.050749 0.074841 -0.999685 0.014082 0.020767 -0.999908 0.010805 0.008145 -0.999677 0.020288 0.015293 0.995423 0.065581 -0.069507 0.998464 -0.038019 0.040295 0.984874 -0.033531 0.169996 0.990946 0.025981 -0.131722 -0.000005 -0.141136 -0.989990 -0.000003 -0.252904 -0.967491 -0.000000 -0.675774 -0.737109 -0.000000 -0.594045 -0.804432 -0.999815 -0.015480 0.011455 -0.999604 -0.016211 0.023017 -0.995597 -0.053976 0.076637 -0.999594 -0.022904 0.016949 0.000001 0.761236 0.648475 0.000001 0.813577 0.581457 0.000000 0.663760 0.747946 -0.000001 0.571633 0.820509 0.000001 0.572811 -0.819688 0.000001 0.670945 -0.741507 -0.000004 0.286214 -0.958166 -0.000005 0.163646 -0.986519 0.998676 -0.035183 -0.037517 0.995176 0.067111 0.071564 0.999999 -0.001627 -0.000370 0.999960 0.008744 0.001988 0.999956 0.009185 -0.002089 0.999998 -0.001949 0.000443 0.000001 -0.730417 -0.683002 0.000001 -0.804306 -0.594216 -0.999761 0.021583 -0.003450 -0.999996 -0.002760 0.000441 -0.999891 -0.014555 -0.002326 -0.999977 0.006669 0.001066 0.000001 0.737593 -0.675245 0.000001 0.813537 -0.581513 -0.000002 0.287239 0.957859 -0.000001 0.164121 0.986440 0.986390 -0.031291 -0.161420 0.990386 0.026325 0.135803 0.000001 -0.771868 0.635783 0.000001 -0.815618 0.578590 -0.990975 0.124807 -0.048915 -0.972283 0.232824 -0.021432 -0.973954 0.226740 0.001155 -0.988674 0.144703 0.039798 0.993433 0.104552 0.046479 0.992662 0.119207 0.020276 0.989441 -0.143087 0.023074 0.985171 -0.156659 0.069976 -0.965547 0.260227 -0.000004 -0.976815 0.212177 0.028517 -0.873155 -0.486821 0.024619 -0.872398 -0.488375 0.020273 
						-0.978357 0.206686 0.009881 -0.876236 -0.481869 0.003690 -0.874632 -0.484033 0.027046 -0.976958 0.203162 0.065411 -0.865788 -0.498132 -0.047696 -0.876790 -0.480618 -0.015680 -0.973772 0.219996 -0.058043 -0.990426 0.105863 -0.088601 -0.873012 -0.487352 -0.018380 -0.867591 -0.494094 -0.056186 -0.978820 0.182230 -0.093294 -0.983454 0.177452 -0.036448 -0.977449 0.202227 0.060805 -0.992524 0.098626 0.071892 -0.871862 -0.489752 0.000017 -0.226951 -0.973906 0.000016 -0.176084 -0.984375 0.000016 -0.848410 -0.529340 0.000017 0.580016 -0.814605 0.000016 0.619891 -0.784688 0.000016 0.984279 -0.176619 0.000016 0.990387 -0.138327 0.000016 0.991496 0.130136 0.000005 0.987929 0.154908 0.000013 -0.211100 -0.977462 -0.002191 -0.217581 -0.975773 0.022924 0.566015 -0.823984 0.026030 0.571057 -0.819488 0.048294 0.977398 -0.194611 0.082583 0.990697 0.117788 0.068157 -0.964047 0.261349 -0.048057 -0.208850 -0.977925 -0.006682 -0.197776 -0.978909 -0.051192 0.582243 -0.812898 -0.013777 0.582132 -0.810908 -0.059592 0.987880 -0.155166 0.004163 0.985686 -0.165081 -0.034223 0.992669 0.118082 -0.025797 0.989499 0.141244 -0.030694 -0.969776 0.242151 0.029945 -0.205234 -0.978265 0.029602 -0.209258 -0.977846 0.005354 0.584334 -0.810403 0.042438 0.582402 -0.812708 0.017733 0.987383 -0.158349 -0.000179 0.988992 0.147899 0.004583 -0.969853 0.243480 0.010098 -0.857330 -0.514766 0.000016 -0.244764 -0.969583 0.000016 -0.196511 -0.980502 0.000016 -0.832374 -0.554214 0.000016 0.518245 -0.855232 0.000016 0.556830 -0.830626 0.000016 0.955946 -0.293543 0.000016 0.964623 -0.263632 0.000016 0.999572 0.029256 0.000012 0.999499 0.031652 0.000005 -0.212174 -0.977217 0.005487 -0.211757 -0.977322 0.000663 0.569251 -0.822116 0.008825 0.571218 -0.820719 -0.011413 0.984578 -0.174822 0.006646 0.983404 -0.177285 -0.038546 0.990891 0.134586 0.004556 
						0.991278 0.129309 -0.025433 -0.225735 -0.973748 -0.029302 -0.872731 -0.487711 0.021864 0.555144 -0.829880 -0.055805 0.978106 -0.190427 -0.083941 0.994921 0.093167 -0.038096 0.999672 0.002046 -0.025522 0.999275 0.004215 0.037848 -0.961123 0.236814 -0.141993 -0.994472 0.025497 -0.101861 -0.987753 0.133758 -0.080332 -0.998623 0.012701 -0.050895 -0.971136 0.238160 -0.013251 -0.974677 0.054143 0.216962 -0.959413 0.241756 0.145193 -0.999523 0.007503 0.029972 -0.990478 0.118074 0.070796 -0.999958 0.002211 0.008859 0.995332 0.033391 -0.090552 0.998771 0.017263 0.046467 0.997914 0.039476 -0.051077 0.998000 0.032540 -0.054201 0.993259 0.042636 0.107787 0.994613 0.054435 0.088214 0.975766 0.218818 0.000000 0.977936 0.208906 0.000000 0.997554 0.069906 -0.000000 0.997306 0.073360 -0.000000 0.999727 0.021189 0.009835 0.999697 0.024285 0.004006 
					</float_array>
					<technique_common>
						<accessor count="478" offset="0" source="#meshId0-bitangents-array" stride="3">
							<param name="X" type="float" />
							<param name="Y" type="float" />
							<param name="Z" type="float" />
						</accessor>
					</technique_common>
				</source>
				<source id="meshId0-tex0" name="meshId0-tex0">
					<float_array id="meshId0-tex0-array" count="956"> 
						0.021447 0.527575 0.018599 0.524781 0.668306 0.524912 0.665457 0.527706 0.015800 0.961906 0.014707 0.541239 0.018861 0.541208 0.019480 0.961270 0.647990 0.984945 0.038749 0.984894 0.039377 0.981205 0.647341 0.981318 0.666736 0.488736 0.666634 0.516963 0.020274 0.516832 0.020184 0.488605 0.821233 0.013445 0.821233 0.041764 0.817474 0.040757 0.817474 0.014452 0.668603 0.469203 0.665943 0.477982 0.020982 0.477851 0.018324 0.469071 0.018790 0.536341 0.668110 0.536473 0.655242 0.983351 0.663754 0.982741 0.660780 0.993517 0.655543 0.993135 0.668795 0.480781 0.018129 0.480649 0.819323 0.677393 0.821184 0.671753 0.829502 0.674674 0.829000 0.678291 0.018861 0.541208 0.668014 0.541327 0.668509 0.464342 0.018398 0.464197 0.031207 0.021521 0.022682 0.022131 0.025662 0.011340 0.030906 0.011723 0.014237 0.464163 0.015528 0.042850 0.019186 0.043515 0.018398 0.464197 0.672175 0.541344 0.670897 0.962053 0.667244 0.961389 0.668014 0.541327 0.821123 0.700331 0.819328 0.694667 0.829007 0.693790 0.829505 0.697437 0.018505 0.520831 0.668402 0.520963 0.020184 0.488605 0.018223 0.484603 0.668698 0.484735 0.666736 0.488736 0.805306 0.701021 0.801140 0.699798 
						0.801216 0.672033 0.805388 0.670832 0.812856 0.672898 0.812784 0.698996 0.809052 0.699985 0.809129 0.671888 0.038470 0.019925 0.648610 0.020000 0.647981 0.023695 0.039120 0.023557 0.670118 0.035645 0.669707 0.027066 0.680447 0.030269 0.679956 0.035510 0.647981 0.023695 0.655531 0.025130 0.663812 0.027805 0.666470 0.036094 0.667907 0.043660 0.019186 0.043515 0.020606 0.036016 0.023578 0.028018 0.031731 0.025130 0.039120 0.023557 0.671593 0.043023 0.672675 0.464328 0.668509 0.464342 0.667907 0.043660 0.819328 0.694667 0.821123 0.700331 0.818651 0.703239 0.821184 0.671753 0.819323 0.677393 0.818779 0.668824 0.811121 0.035970 0.811167 0.019321 0.809271 0.040941 0.810453 0.044603 0.809302 0.014365 0.810440 0.010702 0.823554 0.703737 0.821306 0.706332 0.823627 0.668394 0.821438 0.665799 0.014681 0.536879 0.018790 0.536341 0.014208 0.468530 0.018324 0.469071 0.022818 0.982994 0.031387 0.983416 0.031247 0.993247 0.026007 0.993733 0.039377 0.981205 0.031838 0.979772 0.023570 0.977101 0.020915 0.968825 0.019480 0.961270 0.667244 0.961389 0.665827 0.968877 0.662859 0.976863 0.654719 0.979747 0.647341 0.981318 0.668732 0.977800 0.669367 0.969344 
						0.679111 0.969617 0.679488 0.974843 0.038470 0.019925 0.037777 0.010702 0.014707 0.541239 0.015800 0.961906 0.006549 0.962562 0.005348 0.541270 0.671593 0.043023 0.680857 0.042367 0.015528 0.042850 0.014237 0.464163 0.004862 0.464127 0.006302 0.042141 0.014208 0.468530 0.004884 0.467710 0.038749 0.984894 0.038107 0.994154 0.670897 0.962053 0.680110 0.962761 0.031387 0.983416 0.031838 0.979772 0.022818 0.982994 0.023570 0.977101 0.023570 0.977101 0.017683 0.977840 0.017273 0.969273 0.020915 0.968825 0.669367 0.969344 0.665827 0.968877 0.668732 0.977800 0.662859 0.976863 0.662859 0.976863 0.663754 0.982741 0.655242 0.983351 0.654719 0.979747 0.017061 0.035549 0.020606 0.036016 0.017697 0.027080 0.023578 0.028018 0.023578 0.028018 0.022682 0.022131 0.031207 0.021521 0.031731 0.025130 0.666470 0.036094 0.670118 0.035645 0.663812 0.027805 0.669707 0.027066 0.664565 0.021904 0.663812 0.027805 0.655531 0.025130 0.655983 0.021481 0.014681 0.536879 0.005372 0.537694 0.706997 0.004575 0.691909 0.004575 0.694322 0.003032 0.704584 0.003032 0.706997 0.006945 0.691909 0.006945 0.704584 0.996968 0.694322 0.996968 0.691909 0.995425 0.706997 0.995425 
						0.691909 0.993055 0.706997 0.993055 0.691909 0.714504 0.706997 0.714504 0.706997 0.701670 0.691909 0.701670 0.691909 0.298330 0.706997 0.298330 0.706997 0.705179 0.691909 0.705179 0.706997 0.708087 0.691909 0.708087 0.706997 0.710994 0.691909 0.710994 0.691909 0.285496 0.706997 0.285496 0.706997 0.289006 0.691909 0.289006 0.706997 0.291913 0.691909 0.291913 0.706997 0.294821 0.691909 0.294821 0.017273 0.969273 0.017683 0.977840 0.006959 0.974642 0.007449 0.969408 0.664565 0.021904 0.655983 0.021481 0.656124 0.011635 0.661371 0.011149 0.811167 0.019321 0.811121 0.035970 0.801747 0.035209 0.801791 0.020047 0.017697 0.027080 0.017061 0.035549 0.007303 0.035275 0.006926 0.030042 0.672675 0.464328 0.682052 0.464302 0.809271 0.040941 0.801381 0.038852 0.672175 0.541344 0.681540 0.541375 0.647990 0.984945 0.648683 0.994154 0.809302 0.014365 0.801442 0.016422 0.648610 0.020000 0.649253 0.010727 0.823554 0.703737 0.830875 0.700227 0.823627 0.668394 0.830875 0.671912 0.829208 0.013613 0.829208 0.041597 0.825006 0.042819 0.825006 0.012391 0.020274 0.516832 0.666634 0.516963 0.753053 0.011014 0.753053 0.656373 0.748981 0.656686 0.748981 0.010702 
						0.727026 0.010702 0.727026 0.656686 0.722954 0.656373 0.722954 0.011014 0.792268 0.652257 0.788194 0.652567 0.788195 0.010702 0.792265 0.011013 0.769937 0.761910 0.770556 0.783033 0.762401 0.782326 0.762056 0.762850 0.769937 0.761910 0.762056 0.762850 0.761592 0.758810 0.768331 0.757773 0.788194 0.652567 0.766240 0.652567 0.766241 0.010702 0.788195 0.010702 0.768433 0.810928 0.761606 0.810786 0.761909 0.786565 0.768926 0.787054 0.766240 0.652567 0.762166 0.652257 0.762171 0.011013 0.766241 0.010702 0.735143 0.757733 0.733515 0.762245 0.727783 0.762220 0.729448 0.757779 0.727513 0.810928 0.726999 0.787228 0.729885 0.787019 0.730108 0.810872 0.756568 0.810720 0.756399 0.787006 0.729885 0.787019 0.728340 0.782852 0.733693 0.782812 0.735143 0.787137 0.757420 0.782676 0.756399 0.787006 0.733515 0.762245 0.733693 0.782812 0.728340 0.782852 0.727783 0.762220 0.757157 0.762440 0.757420 0.782676 0.748981 0.010702 0.748981 0.656686 0.727026 0.656686 0.727026 0.010702 0.762401 0.782326 0.761909 0.786565 0.770556 0.783033 0.768926 0.787054 0.735153 0.810799 0.735143 0.787137 0.726999 0.787228 0.724008 0.783819 0.757157 0.762440 0.755979 0.758018 
						0.724008 0.783819 0.722954 0.761293 0.726072 0.757389 0.722954 0.761293 0.812342 0.786917 0.813712 0.782615 0.818956 0.782568 0.817601 0.786730 0.820914 0.787005 0.820454 0.810581 0.817425 0.810522 0.817601 0.786730 0.784942 0.762079 0.784539 0.782398 0.779669 0.783308 0.780180 0.761181 0.791797 0.757645 0.790293 0.762029 0.784942 0.762079 0.786349 0.757890 0.786077 0.810514 0.783118 0.810581 0.782582 0.786950 0.785907 0.786672 0.782582 0.786950 0.779669 0.783308 0.784539 0.782398 0.785907 0.786672 0.818056 0.757894 0.819470 0.762238 0.813936 0.762142 0.812433 0.757676 0.819470 0.762238 0.818956 0.782568 0.813712 0.782615 0.813936 0.762142 0.789952 0.782501 0.790293 0.762029 0.782855 0.757446 0.780180 0.761181 0.791228 0.786879 0.791105 0.810443 0.812342 0.786917 0.812406 0.810459 0.821822 0.757389 0.824599 0.761361 0.789952 0.782501 0.791228 0.786879 0.824599 0.761361 0.823647 0.783503 0.820914 0.787005 0.823647 0.783503 0.726315 0.683551 0.725268 0.675163 0.726754 0.675491 0.727499 0.683266 0.757324 0.738979 0.731032 0.739223 0.730912 0.728127 0.756783 0.727675 0.729145 0.675727 0.729515 0.682992 0.729797 0.694727 0.727853 0.694807 
						0.791965 0.684846 0.791999 0.695167 0.761625 0.694504 0.761938 0.683824 0.758213 0.694314 0.756252 0.694243 0.756561 0.682753 0.758529 0.683074 0.726736 0.694861 0.724463 0.694962 0.724075 0.683891 0.759170 0.676159 0.760448 0.675905 0.759709 0.683417 0.727853 0.694807 0.728222 0.706181 0.727106 0.706206 0.726736 0.694861 0.728646 0.717159 0.727536 0.717170 0.729072 0.728068 0.728019 0.727971 0.729050 0.738726 0.728064 0.738035 0.758137 0.705420 0.756175 0.705451 0.758307 0.716421 0.756369 0.716529 0.758665 0.727408 0.759303 0.738339 0.756964 0.676286 0.727106 0.706206 0.724849 0.706291 0.727536 0.717170 0.725333 0.717240 0.728019 0.727971 0.725920 0.727930 0.728064 0.738035 0.726099 0.737563 0.762470 0.675763 0.730144 0.706132 0.728222 0.706181 0.730541 0.717108 0.728646 0.717159 0.729072 0.728068 0.729050 0.738726 0.791992 0.676071 0.759363 0.694391 0.759297 0.705400 0.758137 0.705420 0.758213 0.694314 0.759450 0.716317 0.758307 0.716421 0.759749 0.727140 0.758665 0.727408 0.760241 0.737521 0.759303 0.738339 0.792027 0.705518 0.761566 0.705378 0.791958 0.715845 0.761675 0.716187 0.791821 0.726179 0.761901 0.726842 0.791710 0.736239 
						0.762217 0.736857 0.759297 0.705400 0.759363 0.694391 0.759450 0.716317 0.759749 0.727140 0.760241 0.737521 0.757461 0.747333 0.731294 0.748002 0.727438 0.666748 0.729480 0.667195 0.760346 0.667515 0.762504 0.667277 0.722954 0.674939 0.723781 0.665799 0.726084 0.666318 0.757049 0.667913 0.759053 0.667730 0.792009 0.667336 0.759303 0.747525 0.729448 0.748095 0.728547 0.748160 0.726680 0.748276 0.762213 0.747987 0.760211 0.747746 0.760211 0.747746 0.759303 0.747525 0.729448 0.748095 0.728547 0.748160 0.791597 0.748276 0.762213 0.747987 
					</float_array>
					<technique_common>
						<accessor count="478" offset="0" source="#meshId0-tex0-array" stride="2">
							<param name="S" type="float" />
							<param name="T" type="float" />
						</accessor>
					</technique_common>
				</source>
				<source id="meshId0-color0" name="meshId0-color0">
					<float_array id="meshId0-color0-array" count="1434"> 
						1.000000 0.360784 0.482353 1.000000 0.360784 0.482353 1.000000 0.360784 0.482353 1.000000 0.360784 0.482353 1.000000 0.360784 0.482353 1.000000 0.360784 0.482353 1.000000 0.360784 0.482353 1.000000 0.360784 0.482353 1.000000 0.360784 0.482353 1.000000 0.360784 0.482353 1.000000 0.360784 0.482353 1.000000 0.360784 0.482353 1.000000 0.360784 0.482353 1.000000 0.360784 0.482353 1.000000 0.360784 0.482353 1.000000 0.360784 0.482353 1.000000 0.360784 0.482353 1.000000 0.360784 0.482353 1.000000 0.360784 0.482353 1.000000 0.360784 0.482353 1.000000 0.360784 0.482353 1.000000 0.360784 0.482353 1.000000 0.360784 0.482353 1.000000 0.360784 0.482353 1.000000 0.360784 0.482353 1.000000 0.360784 0.482353 1.000000 0.360784 0.482353 1.000000 0.360784 0.482353 1.000000 0.360784 0.482353 1.000000 0.360784 0.482353 1.000000 0.360784 0.482353 1.000000 0.360784 0.482353 1.000000 0.360784 0.482353 1.000000 0.360784 0.482353 1.000000 0.360784 0.482353 1.000000 0.360784 0.482353 1.000000 0.360784 0.482353 1.000000 0.360784 0.482353 1.000000 0.360784 0.482353 1.000000 0.360784 0.482353 1.000000 0.360784 0.482353 1.000000 0.360784 0.482353 1.000000 0.360784 0.482353 1.000000 0.360784 0.482353 1.000000 0.360784 0.482353 1.000000 0.360784 0.482353 1.000000 0.360784 0.482353 1.000000 0.360784 0.482353 1.000000 0.360784 0.482353 1.000000 0.360784 0.482353 1.000000 0.360784 0.482353 1.000000 0.360784 0.482353 1.000000 0.360784 0.482353 1.000000 0.360784 0.482353 1.000000 0.360784 0.482353 1.000000 0.360784 0.482353 1.000000 0.360784 0.482353 1.000000 0.360784 0.482353 1.000000 0.360784 0.482353 1.000000 0.360784 0.482353 1.000000 0.360784 0.482353 1.000000 0.360784 0.482353 1.000000 0.360784 0.482353 1.000000 0.360784 0.482353 
						1.000000 0.360784 0.482353 1.000000 0.360784 0.482353 1.000000 0.360784 0.482353 1.000000 0.360784 0.482353 1.000000 0.360784 0.482353 1.000000 0.360784 0.482353 1.000000 0.360784 0.482353 1.000000 0.360784 0.482353 1.000000 0.360784 0.482353 1.000000 0.360784 0.482353 1.000000 0.360784 0.482353 1.000000 0.360784 0.482353 1.000000 0.360784 0.482353 1.000000 0.360784 0.482353 1.000000 0.360784 0.482353 1.000000 0.360784 0.482353 1.000000 0.360784 0.482353 1.000000 0.360784 0.482353 1.000000 0.360784 0.482353 1.000000 0.360784 0.482353 1.000000 0.360784 0.482353 1.000000 0.360784 0.482353 1.000000 0.360784 0.482353 1.000000 0.360784 0.482353 1.000000 0.360784 0.482353 1.000000 0.360784 0.482353 1.000000 0.360784 0.482353 1.000000 0.360784 0.482353 1.000000 0.360784 0.482353 1.000000 0.360784 0.482353 1.000000 0.360784 0.482353 1.000000 0.360784 0.482353 1.000000 0.360784 0.482353 1.000000 0.360784 0.482353 1.000000 0.360784 0.482353 1.000000 0.360784 0.482353 1.000000 0.360784 0.482353 1.000000 0.360784 0.482353 1.000000 0.360784 0.482353 1.000000 0.360784 0.482353 1.000000 0.360784 0.482353 1.000000 0.360784 0.482353 1.000000 0.360784 0.482353 1.000000 0.360784 0.482353 1.000000 0.360784 0.482353 1.000000 0.360784 0.482353 1.000000 0.360784 0.482353 1.000000 0.360784 0.482353 1.000000 0.360784 0.482353 1.000000 0.360784 0.482353 1.000000 0.360784 0.482353 1.000000 0.360784 0.482353 1.000000 0.360784 0.482353 1.000000 0.360784 0.482353 1.000000 0.360784 0.482353 1.000000 0.360784 0.482353 1.000000 0.360784 0.482353 1.000000 0.360784 0.482353 1.000000 0.360784 0.482353 1.000000 0.360784 0.482353 1.000000 0.360784 0.482353 1.000000 0.360784 0.482353 1.000000 0.360784 0.482353 1.000000 0.360784 0.482353 
						1.000000 0.360784 0.482353 1.000000 0.360784 0.482353 1.000000 0.360784 0.482353 1.000000 0.360784 0.482353 1.000000 0.360784 0.482353 1.000000 0.360784 0.482353 1.000000 0.360784 0.482353 1.000000 0.360784 0.482353 1.000000 0.360784 0.482353 1.000000 0.360784 0.482353 1.000000 0.360784 0.482353 1.000000 0.360784 0.482353 1.000000 0.360784 0.482353 1.000000 0.360784 0.482353 1.000000 0.360784 0.482353 1.000000 0.360784 0.482353 1.000000 0.360784 0.482353 1.000000 0.360784 0.482353 1.000000 0.360784 0.482353 1.000000 0.360784 0.482353 1.000000 0.360784 0.482353 1.000000 0.360784 0.482353 1.000000 0.360784 0.482353 1.000000 0.360784 0.482353 1.000000 0.360784 0.482353 1.000000 0.360784 0.482353 1.000000 0.360784 0.482353 1.000000 0.360784 0.482353 1.000000 0.360784 0.482353 1.000000 0.360784 0.482353 1.000000 0.360784 0.482353 1.000000 0.360784 0.482353 1.000000 0.360784 0.482353 1.000000 0.360784 0.482353 1.000000 0.360784 0.482353 1.000000 0.360784 0.482353 1.000000 0.360784 0.482353 1.000000 0.360784 0.482353 1.000000 0.360784 0.482353 1.000000 0.360784 0.482353 1.000000 0.360784 0.482353 1.000000 0.360784 0.482353 1.000000 0.360784 0.482353 1.000000 0.360784 0.482353 1.000000 0.360784 0.482353 1.000000 0.360784 0.482353 1.000000 0.360784 0.482353 1.000000 0.360784 0.482353 1.000000 0.360784 0.482353 1.000000 0.360784 0.482353 1.000000 0.360784 0.482353 1.000000 0.360784 0.482353 1.000000 0.360784 0.482353 1.000000 0.360784 0.482353 0.325490 1.000000 0.494118 0.325490 1.000000 0.494118 0.325490 1.000000 0.494118 0.325490 1.000000 0.494118 0.325490 1.000000 0.494118 0.325490 1.000000 0.494118 0.325490 1.000000 0.494118 0.325490 1.000000 0.494118 0.325490 1.000000 0.494118 0.325490 1.000000 0.494118 
						0.325490 1.000000 0.494118 0.325490 1.000000 0.494118 0.325490 1.000000 0.494118 0.325490 1.000000 0.494118 0.325490 1.000000 0.494118 0.325490 1.000000 0.494118 0.325490 1.000000 0.494118 0.325490 1.000000 0.494118 0.325490 1.000000 0.494118 0.325490 1.000000 0.494118 0.325490 1.000000 0.494118 0.325490 1.000000 0.494118 0.325490 1.000000 0.494118 0.325490 1.000000 0.494118 0.325490 1.000000 0.494118 0.325490 1.000000 0.494118 0.325490 1.000000 0.494118 0.325490 1.000000 0.494118 0.325490 1.000000 0.494118 0.325490 1.000000 0.494118 0.325490 1.000000 0.494118 0.325490 1.000000 0.494118 1.000000 0.360784 0.482353 1.000000 0.360784 0.482353 1.000000 0.360784 0.482353 1.000000 0.360784 0.482353 1.000000 0.360784 0.482353 1.000000 0.360784 0.482353 1.000000 0.360784 0.482353 1.000000 0.360784 0.482353 1.000000 0.360784 0.482353 1.000000 0.360784 0.482353 1.000000 0.360784 0.482353 1.000000 0.360784 0.482353 1.000000 0.360784 0.482353 1.000000 0.360784 0.482353 1.000000 0.360784 0.482353 1.000000 0.360784 0.482353 1.000000 0.360784 0.482353 1.000000 0.360784 0.482353 1.000000 0.360784 0.482353 1.000000 0.360784 0.482353 1.000000 0.360784 0.482353 1.000000 0.360784 0.482353 1.000000 0.360784 0.482353 1.000000 0.360784 0.482353 1.000000 0.360784 0.482353 1.000000 0.360784 0.482353 1.000000 0.360784 0.482353 1.000000 0.360784 0.482353 1.000000 0.360784 0.482353 1.000000 0.360784 0.482353 1.000000 0.360784 0.482353 1.000000 0.360784 0.482353 1.000000 0.360784 0.482353 1.000000 0.360784 0.482353 1.000000 0.360784 0.482353 1.000000 0.360784 0.482353 1.000000 0.360784 0.482353 1.000000 0.360784 0.482353 1.000000 0.976471 0.388235 1.000000 0.976471 0.388235 1.000000 0.976471 0.388235 1.000000 0.976471 0.388235 
						1.000000 0.976471 0.388235 1.000000 0.976471 0.388235 1.000000 0.976471 0.388235 1.000000 0.976471 0.388235 1.000000 0.976471 0.388235 1.000000 0.976471 0.388235 1.000000 0.976471 0.388235 1.000000 0.976471 0.388235 1.000000 0.976471 0.388235 1.000000 0.976471 0.388235 1.000000 0.976471 0.388235 1.000000 0.976471 0.388235 1.000000 0.976471 0.388235 1.000000 0.976471 0.388235 1.000000 0.976471 0.388235 1.000000 0.976471 0.388235 1.000000 0.976471 0.388235 1.000000 0.976471 0.388235 1.000000 0.976471 0.388235 1.000000 0.976471 0.388235 1.000000 0.976471 0.388235 1.000000 0.976471 0.388235 1.000000 0.976471 0.388235 1.000000 0.976471 0.388235 1.000000 0.976471 0.388235 1.000000 0.976471 0.388235 1.000000 0.976471 0.388235 1.000000 0.976471 0.388235 1.000000 0.976471 0.388235 1.000000 0.976471 0.388235 1.000000 0.976471 0.388235 1.000000 0.976471 0.388235 1.000000 0.976471 0.388235 1.000000 0.976471 0.388235 1.000000 0.976471 0.388235 1.000000 0.976471 0.388235 1.000000 0.976471 0.388235 1.000000 0.976471 0.388235 1.000000 0.976471 0.388235 1.000000 0.976471 0.388235 1.000000 0.976471 0.388235 1.000000 0.976471 0.388235 1.000000 0.976471 0.388235 1.000000 0.976471 0.388235 1.000000 0.976471 0.388235 1.000000 0.976471 0.388235 1.000000 0.976471 0.388235 1.000000 0.976471 0.388235 1.000000 0.976471 0.388235 1.000000 0.976471 0.388235 1.000000 0.976471 0.388235 1.000000 0.976471 0.388235 1.000000 0.976471 0.388235 1.000000 0.976471 0.388235 1.000000 0.976471 0.388235 1.000000 0.976471 0.388235 1.000000 0.976471 0.388235 1.000000 0.976471 0.388235 1.000000 0.976471 0.388235 1.000000 0.976471 0.388235 1.000000 0.976471 0.388235 1.000000 0.976471 0.388235 1.000000 0.976471 0.388235 1.000000 0.976471 0.388235 
						1.000000 0.976471 0.388235 1.000000 0.976471 0.388235 1.000000 0.976471 0.388235 1.000000 0.976471 0.388235 1.000000 0.976471 0.388235 1.000000 0.976471 0.388235 1.000000 0.976471 0.388235 1.000000 0.976471 0.388235 1.000000 0.976471 0.388235 1.000000 0.976471 0.388235 1.000000 0.976471 0.388235 1.000000 0.976471 0.388235 1.000000 0.976471 0.388235 1.000000 0.976471 0.388235 1.000000 0.976471 0.388235 1.000000 0.976471 0.388235 1.000000 0.976471 0.388235 1.000000 0.976471 0.388235 1.000000 0.976471 0.388235 1.000000 0.976471 0.388235 1.000000 0.976471 0.388235 1.000000 0.976471 0.388235 1.000000 0.976471 0.388235 1.000000 0.976471 0.388235 1.000000 0.976471 0.388235 1.000000 0.976471 0.388235 1.000000 0.976471 0.388235 1.000000 0.976471 0.388235 1.000000 0.976471 0.388235 1.000000 0.976471 0.388235 1.000000 0.976471 0.388235 1.000000 0.976471 0.388235 1.000000 0.976471 0.388235 1.000000 0.976471 0.388235 1.000000 0.976471 0.388235 1.000000 0.976471 0.388235 1.000000 0.976471 0.388235 1.000000 0.976471 0.388235 1.000000 0.976471 0.388235 1.000000 0.976471 0.388235 1.000000 0.976471 0.388235 1.000000 0.976471 0.388235 1.000000 0.976471 0.388235 1.000000 0.976471 0.388235 1.000000 0.976471 0.388235 1.000000 0.976471 0.388235 1.000000 0.976471 0.388235 1.000000 0.976471 0.388235 1.000000 0.976471 0.388235 1.000000 0.976471 0.388235 1.000000 0.976471 0.388235 1.000000 0.976471 0.388235 1.000000 0.976471 0.388235 1.000000 0.976471 0.388235 1.000000 0.976471 0.388235 1.000000 0.976471 0.388235 1.000000 0.976471 0.388235 1.000000 0.976471 0.388235 1.000000 0.976471 0.388235 1.000000 0.976471 0.388235 1.000000 0.976471 0.388235 1.000000 0.976471 0.388235 1.000000 0.976471 0.388235 1.000000 0.976471 0.388235 
						1.000000 0.976471 0.388235 1.000000 0.976471 0.388235 1.000000 0.976471 0.388235 1.000000 0.976471 0.388235 1.000000 0.976471 0.388235 1.000000 0.976471 0.388235 1.000000 0.976471 0.388235 1.000000 0.976471 0.388235 1.000000 0.976471 0.388235 1.000000 0.976471 0.388235 1.000000 0.976471 0.388235 1.000000 0.976471 0.388235 1.000000 0.976471 0.388235 1.000000 0.976471 0.388235 1.000000 0.976471 0.388235 1.000000 0.976471 0.388235 1.000000 0.976471 0.388235 1.000000 0.976471 0.388235 1.000000 0.976471 0.388235 1.000000 0.976471 0.388235 1.000000 0.976471 0.388235 1.000000 0.976471 0.388235 1.000000 0.976471 0.388235 1.000000 0.976471 0.388235 1.000000 0.976471 0.388235 1.000000 0.976471 0.388235 1.000000 0.976471 0.388235 1.000000 0.976471 0.388235 1.000000 0.976471 0.388235 1.000000 0.976471 0.388235 1.000000 0.976471 0.388235 1.000000 0.976471 0.388235 1.000000 0.976471 0.388235 1.000000 0.976471 0.388235 1.000000 0.976471 0.388235 1.000000 0.976471 0.388235 1.000000 0.976471 0.388235 1.000000 0.976471 0.388235 1.000000 0.976471 0.388235 1.000000 0.976471 0.388235 1.000000 0.976471 0.388235 1.000000 0.976471 0.388235 1.000000 0.976471 0.388235 1.000000 0.976471 0.388235 1.000000 0.976471 0.388235 1.000000 0.976471 0.388235 1.000000 0.976471 0.388235 1.000000 0.976471 0.388235 1.000000 0.976471 0.388235 1.000000 0.976471 0.388235 1.000000 0.976471 0.388235 1.000000 0.976471 0.388235 1.000000 0.976471 0.388235 1.000000 0.976471 0.388235 1.000000 0.976471 0.388235 1.000000 0.976471 0.388235 1.000000 0.976471 0.388235 1.000000 0.976471 0.388235 1.000000 0.976471 0.388235 1.000000 0.976471 0.388235 1.000000 0.976471 0.388235 1.000000 0.976471 0.388235 1.000000 0.976471 0.388235 1.000000 0.976471 0.388235 
						1.000000 0.976471 0.388235 1.000000 0.976471 0.388235 1.000000 0.976471 0.388235 1.000000 0.976471 0.388235 1.000000 0.976471 0.388235 1.000000 0.976471 0.388235 1.000000 0.976471 0.388235 1.000000 0.976471 0.388235 1.000000 0.976471 0.388235 1.000000 0.976471 0.388235 1.000000 0.976471 0.388235 1.000000 0.976471 0.388235 1.000000 0.976471 0.388235 1.000000 0.976471 0.388235 1.000000 0.976471 0.388235 1.000000 0.976471 0.388235 1.000000 0.976471 0.388235 1.000000 0.976471 0.388235 1.000000 0.976471 0.388235 1.000000 0.976471 0.388235 1.000000 0.976471 0.388235 1.000000 0.976471 0.388235 1.000000 0.976471 0.388235 1.000000 0.976471 0.388235 1.000000 0.976471 0.388235 1.000000 0.976471 0.388235 1.000000 0.976471 0.388235 1.000000 0.976471 0.388235 1.000000 0.976471 0.388235 1.000000 0.976471 0.388235 
					</float_array>
					<technique_common>
						<accessor count="478" offset="0" source="#meshId0-color0-array" stride="3">
							<param name="R" type="float" />
							<param name="G" type="float" />
							<param name="B" type="float" />
						</accessor>
					</technique_common>
				</source>
				<vertices id="meshId0-vertices">
					<input semantic="POSITION" source="#meshId0-positions" />
				</vertices>
				<polylist count="432" material="defaultMaterial">
					<input offset="0" semantic="VERTEX" source="#meshId0-vertices" />
					<input offset="0" semantic="NORMAL" source="#meshId0-normals" />
					<input offset="0" semantic="TANGENT" source="#meshId0-tangents" />
					<input offset="0" semantic="BINORMAL" source="#meshId0-bitangents" />
					<input offset="0" semantic="TEXCOORD" source="#meshId0-tex0" set="0" />
					<input offset="0" semantic="COLOR" source="#meshId0-color0" set="0" />
					<vcount>
						3 3 3 3 3 3 3 3 3 3 3 3 3 3 3 3 3 3 3 3 3 3 3 3 3 3 3 3 3 3 3 3 3 3 3 3 3 3 3 3 3 3 3 3 3 3 3 3 3 3 3 3 3 3 3 3 3 3 3 3 3 3 3 3 
						3 3 3 3 3 3 3 3 3 3 3 3 3 3 3 3 3 3 3 3 3 3 3 3 3 3 3 3 3 3 3 3 3 3 3 3 3 3 3 3 3 3 3 3 3 3 3 3 3 3 3 3 3 3 3 3 3 3 3 3 3 3 3 3 
						3 3 3 3 3 3 3 3 3 3 3 3 3 3 3 3 3 3 3 3 3 3 3 3 3 3 3 3 3 3 3 3 3 3 3 3 3 3 3 3 3 3 3 3 3 3 3 3 3 3 3 3 3 3 3 3 3 3 3 3 3 3 3 3 
						3 3 3 3 3 3 3 3 3 3 3 3 3 3 3 3 3 3 3 3 3 3 3 3 3 3 3 3 3 3 3 3 3 3 3 3 3 3 3 3 3 3 3 3 3 3 3 3 3 3 3 3 3 3 3 3 3 3 3 3 3 3 3 3 
						3 3 3 3 3 3 3 3 3 3 3 3 3 3 3 3 3 3 3 3 3 3 3 3 3 3 3 3 3 3 3 3 3 3 3 3 3 3 3 3 3 3 3 3 3 3 3 3 3 3 3 3 3 3 3 3 3 3 3 3 3 3 3 3 
						3 3 3 3 3 3 3 3 3 3 3 3 3 3 3 3 3 3 3 3 3 3 3 3 3 3 3 3 3 3 3 3 3 3 3 3 3 3 3 3 3 3 3 3 3 3 3 3 3 3 3 3 3 3 3 3 3 3 3 3 3 3 3 3 
						3 3 3 3 3 3 3 3 3 3 3 3 3 3 3 3 3 3 3 3 3 3 3 3 3 3 3 3 3 3 3 3 3 3 3 3 3 3 3 3 3 3 3 3 3 3 3 3 
					</vcount>
					<p>
						3 0 1 1 2 3 7 4 5 5 6 7 11 8 9 9 10 11 15 12 13 13 14 15 19 16 17 17 18 19 23 20 21 21 22 23 25 24 0 0 3 25 29 26 27 27 28 29 22 21 30 30 31 22 35 32 33 33 34 35 37 36 24 24 25 37 39 38 20 20 23 39 43 40 41 41 42 43 47 44 45 45 46 47 51 48 49 49 50 51 55 52 53 53 54 55 57 2 1 1 56 57 61 58 59 59 60 61 65 62 63 63 64 65 30 60 59 59 31 30 69 66 67 67 68 69 73 70 71 71 72 73 77 74 75 75 76 77 87 78 79 87 79 80 87 80 81 87 81 82 87 82 38 87 38 39 87 39 83 87 83 84 87 84 85 85 86 87 91 88 89 89 90 91 67 92 93 93 94 67 97 95 96 96 66 97 66 96 92 92 67 66 
						18 98 99 99 19 18 101 100 98 98 18 101 19 99 102 102 103 19 94 93 104 104 105 94 107 106 95 95 97 107 6 5 108 108 109 6 111 110 44 44 47 111 115 112 113 113 114 115 125 116 117 125 117 118 125 118 119 125 119 120 125 120 36 125 36 37 125 37 121 125 121 122 125 122 123 123 124 125 129 126 127 127 128 129 131 130 40 40 43 131 135 132 133 133 134 135 137 136 74 74 77 137 141 138 139 139 140 141 140 139 142 142 143 140 114 113 144 144 145 114 128 127 146 146 147 128 149 10 9 9 148 149 151 149 148 148 150 151 155 152 153 153 154 155 7 155 154 154 4 7 157 50 49 49 156 157 159 157 156 156 158 159 163 160 161 161 162 163 11 163 162 162 8 11 165 46 45 45 164 165 167 165 164 164 166 167 171 168 169 169 170 171 
						73 171 170 170 70 73 173 88 91 91 172 173 175 173 172 172 174 175 179 176 177 177 178 179 71 179 178 178 72 71 181 180 132 132 135 181 185 182 183 183 184 185 182 186 187 187 183 182 191 188 189 189 190 191 193 191 190 190 192 193 195 193 192 192 194 195 199 196 197 197 198 199 201 197 196 196 200 201 203 201 200 200 202 203 205 203 202 202 204 205 194 205 204 204 195 194 209 206 207 207 208 209 211 209 208 208 210 211 213 211 210 210 212 213 198 213 212 212 199 198 186 207 206 206 187 186 54 53 32 32 35 54 217 214 215 215 216 217 221 218 219 219 220 221 225 222 223 223 224 225 229 226 227 227 228 229 231 230 136 136 137 231 224 223 232 232 233 224 147 146 234 234 235 147 237 236 26 26 29 237 239 238 222 222 225 239 134 133 214 214 217 134 
						220 219 240 240 241 220 243 242 52 52 55 243 228 227 138 138 141 228 241 240 130 130 131 241 34 33 244 244 245 34 145 144 236 236 237 145 65 69 68 68 62 65 249 246 247 247 248 249 248 17 16 16 249 248 57 56 250 250 251 57 255 252 253 253 254 255 259 256 257 257 258 259 263 260 261 261 262 263 267 264 265 265 266 267 271 268 269 269 270 271 275 272 273 273 274 275 279 276 277 277 278 279 283 280 281 281 282 283 287 284 285 285 286 287 291 288 289 289 290 291 293 278 277 277 292 293 297 294 295 295 296 297 296 298 299 299 297 296 303 300 301 301 302 303 300 304 305 305 301 300 304 267 266 266 305 304 309 306 307 307 308 309 311 299 298 298 310 311 310 312 313 313 311 310 293 292 314 314 315 293 290 315 314 314 291 290 294 316 317 317 295 294 
						319 270 269 269 318 319 318 285 284 284 319 318 321 303 302 302 320 321 323 322 287 287 286 323 327 324 325 325 326 327 331 328 329 329 330 331 335 332 333 333 334 335 339 336 337 337 338 339 343 340 341 341 342 343 347 344 345 345 346 347 351 348 349 349 350 351 350 337 336 336 351 350 355 352 353 353 354 355 355 354 356 356 357 355 332 357 356 356 333 332 359 358 339 339 338 359 361 340 343 343 360 361 361 360 362 362 363 361 330 363 362 362 331 330 348 364 365 365 349 348 367 347 346 346 366 367 366 325 324 324 367 366 352 368 369 369 353 352 371 370 327 327 326 371 375 372 373 373 374 375 379 376 377 377 378 379 381 375 374 374 380 381 381 382 383 383 375 381 387 384 385 385 386 387 391 388 389 389 390 391 394 372 392 392 393 394 397 391 395 395 396 397 
						401 398 399 399 400 401 400 399 402 402 403 400 403 402 404 404 405 403 405 404 406 406 407 405 388 408 409 409 389 388 408 410 411 411 409 408 410 412 379 379 411 410 413 376 379 379 412 413 391 390 414 414 395 391 393 392 415 415 416 393 416 415 417 417 418 416 418 417 419 419 420 418 420 419 421 421 422 420 387 397 396 396 423 387 382 424 425 425 383 382 424 426 427 427 425 424 426 378 428 428 427 426 377 429 428 428 378 377 384 387 423 423 430 384 434 431 432 432 433 434 433 432 435 435 436 433 436 435 437 437 438 436 438 437 439 439 440 438 414 390 381 381 380 414 386 385 441 441 442 386 442 441 443 443 444 442 444 443 445 445 446 444 446 445 447 447 448 446 386 442 449 449 450 386 442 444 451 451 449 442 444 446 452 452 451 444 452 446 448 448 453 452 
						387 386 450 450 397 387 377 376 454 454 455 377 457 380 374 374 456 457 459 423 396 396 458 459 426 411 379 379 378 426 424 409 411 411 426 424 462 373 460 460 461 462 464 395 414 414 463 464 465 430 423 423 459 465 454 376 413 413 466 454 456 374 373 373 462 456 458 396 395 395 464 458 382 389 409 409 424 382 467 429 377 377 455 467 381 390 389 389 382 381 469 422 421 421 468 469 372 394 460 460 373 372 471 453 448 448 470 471 391 397 431 431 434 391 473 440 439 439 472 473 372 375 398 398 401 372 475 407 406 406 474 475 457 463 414 414 380 457 477 448 447 447 476 477 
					</p>
				</polylist>
			</mesh>
		</geometry>
		<geometry id="meshId1" name="meshId1_name" >
			<mesh>
				<source id="meshId1-positions" name="meshId1-positions">
					<float_array id="meshId1-positions-array" count="843"> 
						0.002000 -0.003464 0.027589 0.002000 -0.003464 0.078626 0.000000 -0.004000 0.078626 0.000000 -0.004000 0.027589 -0.003464 -0.002000 0.027589 -0.003464 -0.002000 0.078626 -0.004000 0.000000 0.078626 -0.004000 0.000000 0.027589 -0.003464 0.002000 0.078626 -0.003464 0.002000 0.027589 -0.002000 0.003464 0.078626 -0.002000 0.003464 0.027589 0.000000 0.004000 0.078626 0.000000 0.004000 0.027589 0.002000 0.003464 0.078626 0.002000 0.003464 0.027589 0.003464 0.002000 0.078626 0.003464 0.002000 0.027589 0.004000 0.000000 0.078626 0.004000 0.000000 0.027589 0.004000 0.000000 0.027589 0.004000 0.000000 0.078626 0.003464 -0.002000 0.078626 0.003464 -0.002000 0.027589 -0.002000 -0.003464 0.078626 -0.002000 -0.003464 0.027589 0.002232 -0.001289 0.080000 0.002578 0.000000 0.080000 0.002578 0.000000 0.080418 0.002232 -0.001289 0.080418 -0.002000 -0.003464 0.078626 0.000000 -0.004000 0.078626 0.000000 -0.003583 0.079598 -0.001792 -0.003103 0.079598 0.000000 -0.002578 0.080000 -0.001289 -0.002232 0.080000 -0.003464 -0.002000 0.078626 -0.003103 -0.001792 0.079598 -0.002232 -0.001289 0.080000 -0.004000 0.000000 0.078626 -0.003583 0.000000 0.079598 -0.002578 0.000000 0.080000 -0.003464 0.002000 0.078626 -0.003103 0.001792 0.079598 -0.002232 0.001289 0.080000 -0.002000 0.003464 0.078626 -0.001792 0.003103 0.079598 -0.001289 0.002232 0.080000 0.000000 0.004000 0.078626 0.000000 0.003583 0.079598 0.000000 0.002578 0.080000 0.002000 0.003464 0.078626 0.001792 0.003103 0.079598 0.001289 0.002232 0.080000 0.003464 0.002000 0.078626 0.003103 0.001792 0.079598 0.002232 0.001289 0.080000 0.004000 0.000000 0.078626 0.003583 0.000000 0.079598 0.002578 0.000000 0.080000 0.003464 -0.002000 0.078626 0.003103 -0.001792 0.079598 0.002232 -0.001289 0.080000 0.002000 -0.003464 0.078626 
						0.001792 -0.003103 0.079598 0.001289 -0.002232 0.080000 -0.002232 -0.001289 0.080000 -0.001289 -0.002232 0.080000 -0.001289 -0.002232 0.080418 -0.002232 -0.001289 0.080418 0.002232 0.001289 0.080000 0.002232 0.001289 0.080418 0.001289 0.002232 0.080000 0.000000 0.002578 0.080000 0.000000 0.002578 0.080418 0.001289 0.002232 0.080418 -0.001289 0.002232 0.080000 -0.002232 0.001289 0.080000 -0.002232 0.001289 0.080418 -0.001289 0.002232 0.080418 -0.002578 0.000000 0.080000 -0.002578 0.000000 0.080418 0.000000 -0.002578 0.080000 0.000000 -0.002578 0.080418 -0.000807 -0.001398 0.081349 0.000000 -0.001615 0.081349 0.000807 -0.001398 0.081349 0.001398 -0.000807 0.081349 0.001615 0.000000 0.081349 0.001398 0.000807 0.081349 0.000807 0.001398 0.081349 0.000000 0.001615 0.081349 -0.000807 0.001398 0.081349 -0.001398 0.000807 0.081349 -0.001615 0.000000 0.081349 -0.001398 -0.000807 0.081349 0.001289 -0.002232 0.080000 0.001289 -0.002232 0.080418 0.000000 -0.002282 0.081076 0.001141 -0.001976 0.081076 0.001977 -0.001141 0.081076 0.002282 0.000000 0.081076 0.001977 0.001141 0.081076 0.001141 0.001976 0.081076 0.000000 0.002282 0.081076 -0.001141 0.001976 0.081076 -0.001976 0.001141 0.081076 -0.002282 0.000000 0.081076 -0.001976 -0.001141 0.081076 -0.001141 -0.001976 0.081076 -0.003464 -0.002000 0.027589 -0.004000 0.000000 0.027589 -0.003721 0.000000 0.027589 -0.003222 -0.001860 0.027589 0.004000 0.000000 0.027589 0.003464 -0.002000 0.027589 0.003222 -0.001860 0.027589 0.003721 0.000000 0.027589 0.000000 0.004000 0.027589 0.002000 0.003464 0.027589 0.001860 0.003222 0.027589 0.000000 0.003721 0.027589 -0.003464 0.002000 0.027589 -0.003222 0.001860 0.027589 0.002000 -0.003464 0.027589 0.001860 -0.003222 0.027589 0.003464 0.002000 0.027589 0.003222 0.001860 0.027589 
						-0.002000 0.003464 0.027589 -0.001860 0.003222 0.027589 0.000000 -0.004000 0.027589 -0.002000 -0.003464 0.027589 -0.001860 -0.003222 0.027589 0.000000 -0.003721 0.027589 0.001576 -0.002730 -0.045870 0.001860 -0.003222 0.027589 0.000000 -0.003721 0.027589 -0.000000 -0.003153 -0.045870 -0.002730 -0.001576 -0.045870 -0.003222 -0.001860 0.027589 -0.003721 0.000000 0.027589 -0.003153 -0.000000 -0.045870 -0.000000 -0.001458 -0.047352 -0.000729 -0.001263 -0.047352 -0.001263 -0.000729 -0.047352 -0.001458 -0.000000 -0.047352 -0.001263 0.000729 -0.047352 -0.000729 0.001263 -0.047352 -0.000000 0.001458 -0.047352 0.000729 0.001263 -0.047352 0.001263 0.000729 -0.047352 0.001458 -0.000000 -0.047352 0.001263 -0.000729 -0.047352 0.000729 -0.001263 -0.047352 0.002730 -0.001576 -0.045870 0.003222 -0.001860 0.027589 0.003153 -0.000000 -0.045870 0.003721 0.000000 0.027589 0.002730 0.001576 -0.045870 0.003222 0.001860 0.027589 0.003721 0.000000 0.027589 0.003153 -0.000000 -0.045870 0.001576 0.002730 -0.045870 0.001860 0.003222 0.027589 -0.000000 0.003153 -0.045870 0.000000 0.003721 0.027589 -0.001576 0.002730 -0.045870 -0.001860 0.003222 0.027589 -0.002730 0.001576 -0.045870 -0.003222 0.001860 0.027589 -0.001576 -0.002730 -0.045870 -0.001860 -0.003222 0.027589 -0.000000 -0.003153 -0.045870 -0.001576 -0.002730 -0.045870 -0.001324 -0.002294 -0.046918 -0.000000 -0.002649 -0.046918 -0.002730 -0.001576 -0.045870 -0.002294 -0.001324 -0.046918 -0.003153 -0.000000 -0.045870 -0.002649 -0.000000 -0.046918 -0.002730 0.001576 -0.045870 -0.002294 0.001324 -0.046918 -0.001576 0.002730 -0.045870 -0.001324 0.002294 -0.046918 -0.000000 0.003153 -0.045870 -0.000000 0.002649 -0.046918 0.001576 0.002730 -0.045870 0.001324 0.002294 -0.046918 0.002730 0.001576 -0.045870 0.002294 0.001324 -0.046918 0.003153 -0.000000 -0.045870 0.002649 -0.000000 -0.046918 
						0.002730 -0.001576 -0.045870 0.002294 -0.001324 -0.046918 0.001576 -0.002730 -0.045870 0.001324 -0.002294 -0.046918 -0.004824 0.001848 0.078147 -0.003181 0.001848 0.078140 -0.003181 -0.001848 0.078140 -0.004824 -0.001848 0.078147 -0.004116 -0.001848 0.040261 -0.004116 0.001848 0.040261 -0.004138 0.001848 0.041033 -0.004138 -0.001848 0.041033 -0.005325 -0.001848 0.077939 -0.005325 0.001848 0.077939 -0.005325 0.001848 0.040026 -0.005325 -0.001848 0.040026 -0.005107 -0.001848 0.039783 -0.005107 0.001848 0.039783 -0.004482 0.001848 0.039710 -0.004482 -0.001848 0.039710 -0.004482 -0.001848 0.039710 -0.004482 0.001848 0.039710 -0.004116 0.001848 0.040261 -0.004116 -0.001848 0.040261 -0.005325 -0.001848 0.040026 -0.005325 0.001848 0.040026 -0.005107 0.001848 0.039783 -0.005107 -0.001848 0.039783 -0.005080 0.001848 0.077892 -0.004824 0.001848 0.078147 -0.004824 -0.001848 0.078147 -0.005080 -0.001848 0.077892 -0.004894 0.001848 0.078386 -0.003140 0.001848 0.078386 -0.003181 0.001848 0.078140 -0.004824 0.001848 0.078147 -0.005080 -0.001848 0.077892 -0.005076 -0.001848 0.041726 -0.005076 0.001848 0.041726 -0.005080 0.001848 0.077892 -0.005325 0.001848 0.040026 -0.005076 0.001848 0.041726 -0.004628 0.001848 0.041726 -0.004138 0.001848 0.041033 -0.004116 0.001848 0.040261 -0.004482 0.001848 0.039710 -0.005107 0.001848 0.039783 -0.005325 0.001848 0.077939 -0.004894 0.001848 0.078386 -0.004824 0.001848 0.078147 -0.005080 0.001848 0.077892 -0.004894 -0.001848 0.078386 -0.005325 -0.001848 0.077939 -0.005080 -0.001848 0.077892 -0.004824 -0.001848 0.078147 -0.003140 -0.001848 0.078386 -0.004894 -0.001848 0.078386 -0.004824 -0.001848 0.078147 -0.003181 -0.001848 0.078140 -0.004138 -0.001848 0.041033 -0.004138 0.001848 0.041033 -0.004628 0.001848 0.041726 -0.004628 -0.001848 0.041726 -0.005325 -0.001848 0.077939 
						-0.005325 -0.001848 0.040026 -0.005076 -0.001848 0.041726 -0.005080 -0.001848 0.077892 -0.005325 0.001848 0.077939 -0.005080 0.001848 0.077892 -0.005076 0.001848 0.041726 -0.004628 -0.001848 0.041726 -0.005076 -0.001848 0.041726 -0.005325 -0.001848 0.040026 -0.005107 -0.001848 0.039783 -0.004482 -0.001848 0.039710 -0.004116 -0.001848 0.040261 -0.004138 -0.001848 0.041033 -0.005076 -0.001848 0.041726 -0.004628 -0.001848 0.041726 -0.004628 0.001848 0.041726 -0.005076 0.001848 0.041726 -0.005325 -0.001848 0.077939 -0.004894 -0.001848 0.078386 -0.004894 0.001848 0.078386 -0.005325 0.001848 0.077939 -0.004894 0.001848 0.078386 -0.004894 -0.001848 0.078386 -0.003140 -0.001848 0.078386 -0.003140 0.001848 0.078386 
					</float_array>
					<technique_common>
						<accessor count="281" offset="0" source="#meshId1-positions-array" stride="3">
							<param name="X" type="float" />
							<param name="Y" type="float" />
							<param name="Z" type="float" />
						</accessor>
					</technique_common>
				</source>
				<source id="meshId1-normals" name="meshId1-normals">
					<float_array id="meshId1-normals-array" count="843"> 
						0.500000 -0.866025 -0.000000 0.490410 -0.849412 0.194930 -0.000000 -0.980817 0.194930 -0.000000 -1.000000 0.000000 -0.866025 -0.500000 0.000000 -0.849413 -0.490409 0.194929 -0.980817 -0.000000 0.194929 -1.000000 0.000000 0.000000 -0.849413 0.490408 0.194930 -0.866025 0.500000 0.000000 -0.490410 0.849412 0.194930 -0.500000 0.866025 0.000000 -0.000000 0.980817 0.194930 -0.000000 1.000000 -0.000000 0.490409 0.849412 0.194930 0.500000 0.866025 -0.000000 0.849413 0.490409 0.194929 0.866025 0.500000 -0.000000 0.980817 0.000000 0.194929 1.000000 0.000000 -0.000000 1.000000 0.000000 -0.000000 0.980817 0.000000 0.194929 0.849413 -0.490408 0.194929 0.866025 -0.500000 -0.000000 -0.490409 -0.849412 0.194930 -0.500000 -0.866025 0.000000 0.866025 -0.500001 0.000000 1.000000 0.000000 0.000000 0.979229 0.000000 0.202758 0.848037 -0.489615 0.202758 -0.490409 -0.849412 0.194930 -0.000000 -0.980817 0.194930 -0.000000 -0.728191 0.685374 -0.364096 -0.630632 0.685374 -0.000000 -0.371475 0.928443 -0.185735 -0.321705 0.928444 -0.849413 -0.490409 0.194929 -0.630632 -0.364095 0.685374 -0.321702 -0.185734 0.928445 -0.980817 -0.000000 0.194929 -0.728191 -0.000001 0.685374 -0.371470 -0.000000 0.928445 -0.849413 0.490408 0.194930 -0.630632 0.364094 0.685374 -0.321702 0.185734 0.928445 -0.490410 0.849412 0.194930 -0.364096 0.630631 0.685375 -0.185735 0.321703 0.928445 -0.000000 0.980817 0.194930 -0.000000 0.728190 0.685375 -0.000000 0.371471 0.928445 0.490409 0.849412 0.194930 0.364095 0.630633 0.685373 0.185735 0.321707 0.928443 0.849413 0.490409 0.194929 0.630632 0.364096 0.685374 0.321702 0.185736 0.928445 0.980817 0.000000 0.194929 0.728191 0.000001 0.685374 0.371470 0.000000 0.928445 0.849413 -0.490408 0.194929 0.630632 -0.364095 0.685374 0.321702 -0.185736 0.928445 0.490410 -0.849412 0.194930 
						0.364096 -0.630633 0.685373 0.185735 -0.321709 0.928443 -0.866027 -0.499997 0.000000 -0.500003 -0.866024 0.000000 -0.489616 -0.848036 0.202758 -0.848038 -0.489613 0.202758 0.866027 0.499997 0.000000 0.848037 0.489614 0.202758 0.500003 0.866024 0.000000 0.000000 1.000000 0.000000 -0.000000 0.979229 0.202758 0.489615 0.848037 0.202758 -0.499999 0.866026 0.000000 -0.866025 0.500001 0.000000 -0.848037 0.489614 0.202759 -0.489615 0.848037 0.202759 -1.000000 -0.000000 0.000000 -0.979229 -0.000000 0.202758 0.000000 -1.000000 0.000000 0.000000 -0.979229 0.202759 -0.111505 -0.193132 0.974816 -0.000000 -0.223009 0.974816 0.111504 -0.193134 0.974816 0.193132 -0.111506 0.974816 0.223009 -0.000001 0.974816 0.193132 0.111505 0.974816 0.111505 0.193132 0.974816 0.000000 0.223009 0.974816 -0.111504 0.193134 0.974816 -0.193132 0.111505 0.974816 -0.223009 -0.000001 0.974816 -0.193132 -0.111505 0.974816 0.499999 -0.866026 0.000000 0.489614 -0.848037 0.202759 0.000000 -0.724057 0.689740 0.362029 -0.627053 0.689738 0.627052 -0.362030 0.689739 0.724058 -0.000001 0.689739 0.627052 0.362031 0.689739 0.362028 0.627054 0.689739 0.000000 0.724058 0.689739 -0.362030 0.627053 0.689739 -0.627053 0.362027 0.689739 -0.724058 -0.000001 0.689739 -0.627053 -0.362029 0.689739 -0.362029 -0.627052 0.689739 -0.000000 0.000003 -1.000000 0.000000 0.000000 -1.000000 0.000000 0.000000 -1.000000 -0.000000 0.000003 -1.000000 0.000000 0.000001 -1.000000 -0.000000 -0.000003 -1.000000 -0.000000 -0.000003 -1.000000 0.000000 0.000001 -1.000000 0.000000 0.000000 -1.000000 -0.000000 -0.000000 -1.000000 -0.000000 -0.000000 -1.000000 0.000000 0.000000 -1.000000 -0.000000 -0.000003 -1.000000 -0.000000 -0.000003 -1.000000 -0.000000 0.000000 -1.000000 -0.000000 0.000000 -1.000000 -0.000000 0.000004 -1.000000 -0.000000 0.000004 -1.000000 
						-0.000000 0.000000 -1.000000 -0.000000 -0.000000 -1.000000 0.000000 -0.000000 -1.000000 -0.000000 -0.000000 -1.000000 -0.000000 0.000000 -1.000000 0.000000 -0.000000 -1.000000 0.487912 -0.845088 -0.218561 0.499985 -0.865999 -0.007730 0.000000 -0.999970 -0.007730 0.000000 -0.975823 -0.218560 -0.845087 -0.487912 -0.218561 -0.866000 -0.499985 -0.007729 -0.999970 0.000000 -0.007729 -0.975823 -0.000000 -0.218561 0.000000 -0.201630 -0.979462 -0.100815 -0.174617 -0.979462 -0.174618 -0.100814 -0.979462 -0.201631 0.000001 -0.979462 -0.174618 0.100816 -0.979462 -0.100815 0.174618 -0.979462 -0.000000 0.201631 -0.979461 0.100815 0.174618 -0.979461 0.174617 0.100816 -0.979461 0.201631 0.000000 -0.979462 0.174617 -0.100816 -0.979462 0.100815 -0.174617 -0.979462 0.845088 -0.487912 -0.218561 0.865999 -0.499985 -0.007730 0.975823 0.000000 -0.218561 0.999970 0.000000 -0.007730 0.845088 0.487912 -0.218561 0.866000 0.499985 -0.007730 0.999970 0.000000 -0.007730 0.975823 0.000000 -0.218561 0.487912 0.845088 -0.218561 0.499985 0.866000 -0.007730 0.000000 0.975823 -0.218560 0.000000 0.999970 -0.007730 -0.487911 0.845088 -0.218560 -0.499985 0.866000 -0.007730 -0.845087 0.487912 -0.218560 -0.866000 0.499985 -0.007729 -0.487911 -0.845088 -0.218561 -0.499985 -0.866000 -0.007730 0.000000 -0.975823 -0.218560 -0.487911 -0.845088 -0.218561 -0.351448 -0.608727 -0.711292 0.000000 -0.702897 -0.711292 -0.845087 -0.487912 -0.218561 -0.608726 -0.351448 -0.711292 -0.975823 -0.000000 -0.218561 -0.702897 0.000000 -0.711292 -0.845087 0.487912 -0.218560 -0.608726 0.351449 -0.711292 -0.487911 0.845088 -0.218560 -0.351448 0.608727 -0.711292 0.000000 0.975823 -0.218560 0.000000 0.702897 -0.711292 0.487912 0.845088 -0.218561 0.351448 0.608726 -0.711292 0.845088 0.487912 -0.218561 0.608726 0.351448 -0.711292 0.975823 0.000000 -0.218561 0.702896 0.000000 -0.711292 
						0.845088 -0.487912 -0.218561 0.608726 -0.351449 -0.711292 0.487912 -0.845088 -0.218561 0.351448 -0.608726 -0.711292 0.238607 0.000000 -0.971116 -0.163649 0.000000 -0.986519 -0.163649 0.000000 -0.986519 0.238607 -0.000000 -0.971116 0.972992 0.000012 -0.230838 0.972992 -0.000012 -0.230838 0.947447 -0.000014 0.319914 0.947447 0.000014 0.319914 -0.981981 0.000009 0.188981 -0.981981 -0.000009 0.188981 -0.999164 -0.000002 -0.040880 -0.999164 0.000002 -0.040880 -0.595057 0.000024 -0.803684 -0.595057 -0.000024 -0.803684 0.414919 -0.000025 -0.909858 0.414919 0.000025 -0.909858 0.414888 0.000025 -0.909872 0.414888 -0.000025 -0.909872 0.972998 -0.000017 -0.230814 0.972998 0.000017 -0.230814 -0.935290 0.000017 -0.353881 -0.935290 -0.000017 -0.353881 -0.595081 -0.000010 -0.803666 -0.595081 0.000010 -0.803666 0.988254 0.000000 -0.152823 0.238640 0.000000 -0.971108 0.238640 0.000000 -0.971108 0.988254 -0.000000 -0.152823 -0.000000 1.000000 0.000000 -0.000000 1.000000 0.000000 -0.000000 1.000000 0.000000 -0.000000 1.000000 0.000000 0.988260 -0.000000 -0.152780 0.999649 -0.000000 0.026481 0.999649 0.000000 0.026481 0.988260 0.000000 -0.152780 0.000000 1.000000 0.000000 0.000000 1.000000 0.000000 0.000000 1.000000 0.000000 0.000000 1.000000 0.000000 0.000000 1.000000 0.000000 0.000000 1.000000 0.000000 0.000000 1.000000 0.000000 0.000000 1.000000 0.000000 0.000000 1.000000 0.000000 0.000000 1.000000 0.000000 0.000000 1.000000 0.000000 0.000000 -1.000000 0.000000 0.000000 -1.000000 0.000000 0.000000 -1.000000 0.000000 0.000000 -1.000000 0.000000 -0.000000 -1.000000 0.000000 -0.000000 -1.000000 0.000000 -0.000000 -1.000000 0.000000 -0.000000 -1.000000 0.000000 0.947460 0.000014 0.319873 0.947460 -0.000014 0.319873 0.074191 -0.000037 0.997244 0.074191 0.000370 0.997244 0.000000 -1.000000 0.000000 
						0.000000 -1.000000 0.000000 0.000000 -1.000000 0.000000 0.000000 -1.000000 0.000000 0.000001 1.000000 -0.000000 0.000001 1.000000 -0.000000 0.000001 1.000000 -0.000000 -0.000000 -1.000000 0.000000 -0.000000 -1.000000 0.000000 -0.000000 -1.000000 0.000000 -0.000000 -1.000000 0.000000 -0.000000 -1.000000 0.000000 -0.000000 -1.000000 0.000000 -0.000000 -1.000000 0.000000 -0.026363 0.000001 0.999652 0.074140 0.000036 0.997248 0.074140 -0.000036 0.997248 -0.026363 -0.000001 0.999652 -0.981984 0.000026 0.188964 -0.280753 0.000024 0.959780 -0.280753 -0.000024 0.959780 -0.981984 -0.000026 0.188964 -0.280737 -0.000013 0.959785 -0.280737 0.000013 0.959785 0.162932 0.000008 0.986637 0.162932 -0.000008 0.986637 
					</float_array>
					<technique_common>
						<accessor count="281" offset="0" source="#meshId1-normals-array" stride="3">
							<param name="X" type="float" />
							<param name="Y" type="float" />
							<param name="Z" type="float" />
						</accessor>
					</technique_common>
				</source>
				<source id="meshId1-tangents" name="meshId1-tangents">
					<float_array id="meshId1-tangents-array" count="843"> 
						-0.866025 -0.500000 0.000002 -0.866025 -0.500001 0.000000 -1.000000 0.000000 0.000002 -1.000000 0.000000 0.000002 -0.500000 0.866025 0.000001 -0.500000 0.866025 -0.000000 -0.000000 1.000000 0.000002 0.000000 1.000000 0.000001 0.500000 0.866026 0.000002 0.500000 0.866025 0.000000 0.866025 0.500001 0.000000 0.866025 0.500000 0.000000 1.000000 -0.000000 0.000000 1.000000 0.000000 0.000001 0.866025 -0.500001 0.000002 0.866025 -0.500000 0.000000 0.500000 -0.866026 0.000002 0.500000 -0.866026 0.000000 0.010168 -0.998639 -0.051159 0.000000 -1.000000 0.000002 0.000000 -1.000000 0.000002 -0.010168 -0.998639 0.051163 -0.500000 -0.866026 0.000002 -0.500000 -0.866025 0.000002 -0.866025 0.500001 0.000002 -0.866025 0.500000 0.000001 0.121068 0.209694 0.970243 -0.000000 0.723872 0.689934 -0.135043 0.745927 0.652194 -0.022834 0.348493 0.937033 -0.789830 0.527729 0.312522 -0.689434 0.141197 0.710453 -0.691284 0.495239 0.526179 -0.721380 0.656411 0.220759 -0.676919 0.683387 0.273427 -0.679537 0.724553 0.115116 -0.522055 0.834875 -0.174475 -0.593182 0.795592 -0.123156 -0.647605 0.758505 -0.072654 -0.131556 0.737920 -0.661942 -0.426487 0.782804 -0.453130 -0.609745 0.754119 -0.243958 -0.049834 0.293185 -0.954756 -0.403704 0.600335 -0.690378 -0.621154 0.698674 -0.354996 -0.325141 0.029195 -0.945215 -0.531033 0.463985 -0.709029 -0.648716 0.669545 -0.361770 -0.689223 0.141237 -0.710650 -0.690928 0.495474 -0.526426 -0.676439 0.683799 -0.273588 -0.789929 0.527729 -0.312273 -0.721377 0.656414 -0.220764 -0.679287 0.724768 -0.115242 -0.522157 0.834545 0.175747 -0.593826 0.794969 0.124079 -0.648825 0.757400 0.073297 -0.131778 0.736876 0.663060 -0.427246 0.781923 0.453936 -0.611044 0.752898 0.244478 -0.050144 0.292701 0.954888 -0.403971 0.600047 0.690472 -0.621349 0.698485 0.355028 -0.325360 0.029052 0.945144 
						-0.531160 0.463880 0.709002 -0.648639 0.669613 0.361783 -0.490343 0.849305 -0.195562 -0.822882 0.475095 0.311690 -0.789957 0.529861 0.308572 -0.524232 0.831061 -0.185789 -0.490110 0.848900 0.197890 -0.524424 0.830403 0.188177 -0.822481 0.474863 -0.313096 -0.682874 0.000000 -0.730536 -0.671951 0.150162 -0.725212 -0.789452 0.529871 -0.309842 -0.218891 -0.126377 -0.967531 0.120013 0.207868 -0.970767 -0.021916 0.349879 -0.936538 -0.288623 0.061803 -0.955446 -0.000000 0.724934 -0.688818 -0.134760 0.747168 -0.650830 -0.683908 -0.000000 0.729568 -0.672319 0.150094 0.724885 -0.680498 0.729705 0.066731 -0.680288 0.714487 0.163454 -0.663491 0.715808 0.217712 -0.648995 0.730614 0.212152 -0.650403 0.744874 0.148793 -0.663580 0.746686 0.046059 -0.678964 0.731091 -0.067181 -0.680218 0.714550 -0.163468 -0.664532 0.714863 -0.217644 -0.649336 0.730302 -0.212183 -0.643638 0.751032 -0.147245 -0.662851 0.747347 -0.045839 -0.217935 -0.125825 0.967818 -0.289619 0.061166 0.955186 -0.688914 0.499953 0.524828 -0.524972 0.474282 0.706725 -0.395911 0.614439 0.682436 -0.439148 0.771122 0.460999 -0.602672 0.786471 0.135094 -0.723172 0.655814 -0.216636 -0.687300 0.501008 -0.525937 -0.521751 0.476859 -0.707377 -0.395719 0.614642 -0.682365 -0.438400 0.772017 -0.460213 -0.601522 0.787633 -0.133441 -0.724399 0.654935 0.215190 -0.707100 -0.707113 -0.000002 -0.707099 -0.707114 0.000000 -0.707099 -0.707114 0.000000 -0.707099 -0.707114 -0.000002 -0.707108 -0.707106 -0.000001 -0.707105 -0.707108 0.000003 -0.707105 -0.707109 0.000003 -0.707108 -0.707105 -0.000001 -0.707104 -0.707110 -0.000000 -0.707108 -0.707105 0.000000 -0.707108 -0.707106 0.000000 -0.707104 -0.707110 -0.000000 -0.707109 -0.707105 0.000003 -0.707110 -0.707104 0.000003 -0.707106 -0.707108 0.000000 -0.707106 -0.707108 0.000000 -0.707100 -0.707113 -0.000003 -0.707100 -0.707114 -0.000003 
						-0.707105 -0.707109 0.000000 -0.707105 -0.707109 0.000000 -0.707104 -0.707110 0.000000 -0.707108 -0.707106 0.000000 -0.707108 -0.707106 0.000000 -0.707104 -0.707110 0.000000 -0.867677 -0.496879 -0.015755 -0.865971 -0.499821 -0.016567 -0.999923 0.000096 -0.012428 -0.999927 0.002646 -0.011815 -0.499233 0.866459 -0.003938 -0.499968 0.866034 -0.004143 0.000000 1.000000 -0.000002 -0.000000 1.000000 -0.000000 -0.684246 -0.714274 0.147039 -0.679414 -0.707096 0.195992 -0.663954 -0.722508 0.192736 -0.659049 -0.739762 0.135670 -0.675963 -0.735573 0.044798 -0.688968 -0.722477 -0.057888 -0.690938 -0.708067 -0.145762 -0.680362 -0.706200 -0.195930 -0.663685 -0.722760 -0.192715 -0.658860 -0.739937 -0.135633 -0.673652 -0.737728 -0.044164 -0.687449 -0.723889 0.058295 -0.503718 -0.863644 -0.019691 -0.500032 -0.865760 -0.020709 -0.017610 -0.996749 -0.078625 -0.000192 -0.999691 -0.024852 0.503718 -0.863644 0.019692 0.500031 -0.865760 0.020707 0.000192 -0.999691 0.024848 0.017610 -0.996749 0.078622 0.867677 -0.496879 0.015756 0.865971 -0.499820 0.016567 0.999927 0.002646 0.011815 0.999923 0.000096 0.012426 0.865115 0.501511 0.007878 0.865964 0.500038 0.008284 0.499233 0.866459 0.003938 0.499968 0.866034 0.004142 -0.865115 0.501511 -0.007876 -0.865964 0.500038 -0.008285 -0.691450 -0.157893 0.704958 -0.341892 -0.045365 0.938644 -0.541096 -0.487936 0.684933 -0.693794 -0.512254 0.506208 -0.074836 -0.296827 0.951994 -0.420753 -0.617069 0.664975 -0.152602 -0.715888 0.681334 -0.451355 -0.772877 0.446027 -0.528199 -0.825176 0.200224 -0.608579 -0.782024 0.134426 -0.789742 -0.534027 -0.301865 -0.725574 -0.657226 -0.203953 -0.692956 -0.157578 -0.703549 -0.694778 -0.511578 -0.505540 -0.343137 -0.044539 -0.938229 -0.540960 -0.488048 -0.684961 -0.075508 -0.295786 -0.952265 -0.420249 -0.617598 -0.664804 -0.152671 -0.715586 -0.681637 -0.451520 -0.772686 -0.446191 
						-0.528124 -0.825433 -0.199360 -0.608260 -0.782346 -0.133994 -0.788910 -0.534083 0.303937 -0.724249 -0.658218 0.205455 0.971004 -0.015182 0.238579 0.986398 -0.015641 -0.163629 0.986365 -0.017657 -0.163623 0.970972 -0.017245 0.238571 -0.005723 0.999694 -0.024070 -0.005699 0.999694 -0.024075 0.007850 0.999700 -0.023206 0.007824 0.999700 -0.023215 0.004762 0.999684 0.024697 0.004744 0.999684 0.024700 -0.001048 0.999672 0.025570 -0.001044 0.999672 0.025570 -0.017845 0.999753 0.013242 -0.017873 0.999753 0.013204 -0.019927 0.999760 -0.009115 -0.019949 0.999760 -0.009070 -0.019791 0.999764 -0.008997 -0.019771 0.999764 -0.009043 -0.005532 0.999711 -0.023394 -0.005564 0.999711 -0.023385 -0.008431 0.999715 0.022333 -0.008464 0.999715 0.022322 -0.020178 0.999685 0.014929 -0.020165 0.999685 0.014943 0.152809 -0.013060 0.988169 0.971056 -0.010398 0.238627 0.970855 0.022824 0.238578 0.152784 0.022440 0.988005 0.999987 0.000000 0.005099 0.999902 0.000000 0.013996 0.999888 0.000000 0.014992 0.999983 0.000000 0.005874 0.003886 -0.999677 0.025134 -0.000681 -0.999669 0.025716 -0.000681 -0.999669 0.025716 0.003886 -0.999677 0.025134 0.999671 -0.000000 0.025630 0.999672 -0.000000 0.025614 0.999672 -0.000000 0.025612 0.999672 -0.000000 0.025611 0.999672 -0.000000 0.025611 0.999672 -0.000000 0.025615 0.999672 -0.000000 0.025618 0.726503 0.000000 0.687163 0.754090 0.000000 0.656770 0.770900 0.000000 0.636957 0.735546 0.000000 0.677475 0.726989 0.000000 0.686649 0.724879 0.000000 0.688876 0.723382 0.000000 0.690448 0.726310 0.000000 0.687367 0.999990 -0.000000 0.004550 0.999906 -0.000000 0.013727 0.999889 -0.000000 0.014876 0.999986 -0.000000 0.005379 0.007838 0.999699 -0.023260 0.007864 0.999699 -0.023252 0.016264 0.999867 -0.001173 0.016233 0.999867 -0.001578 -0.999672 0.000000 0.025622 
						-0.999674 0.000000 0.025522 -0.999674 0.000000 0.025518 -0.999672 0.000000 0.025622 0.999671 -0.000001 0.025654 0.999671 -0.000001 0.025654 0.999671 -0.000001 0.025638 -0.999672 0.000000 0.025617 -0.999672 0.000000 0.025614 -0.999672 0.000000 0.025619 -0.999672 0.000000 0.025614 -0.999672 0.000000 0.025608 -0.999672 0.000000 0.025629 -0.999672 0.000000 0.025614 0.025595 0.999672 0.000674 0.025469 0.999674 -0.001929 0.025477 0.999674 -0.001858 0.025597 0.999672 0.000676 0.188654 -0.057190 0.980377 0.958826 -0.044560 0.280475 0.958022 0.060490 0.280240 0.188707 0.052010 0.980655 0.959772 -0.005157 0.280733 0.959782 0.002175 0.280737 0.986626 0.004774 -0.162930 0.986635 -0.002283 -0.162932 
					</float_array>
					<technique_common>
						<accessor count="281" offset="0" source="#meshId1-tangents-array" stride="3">
							<param name="X" type="float" />
							<param name="Y" type="float" />
							<param name="Z" type="float" />
						</accessor>
					</technique_common>
				</source>
				<source id="meshId1-bitangents" name="meshId1-bitangents">
					<float_array id="meshId1-bitangents-array" count="843"> 
						-0.000002 -0.000001 -1.000000 0.097465 -0.168814 -0.980817 -0.000002 -0.194930 -0.980817 -0.000002 -0.000000 -1.000000 -0.000001 0.000001 -1.000000 -0.168814 -0.097465 -0.980817 -0.194929 0.000002 -0.980817 -0.000000 0.000001 -1.000000 -0.168813 0.097466 -0.980817 -0.000000 0.000000 -1.000000 -0.097465 0.168815 -0.980817 -0.000000 0.000000 -1.000000 0.000000 0.194930 -0.980817 0.000001 -0.000000 -1.000000 0.097466 0.168813 -0.980817 0.000000 -0.000000 -1.000000 0.168814 0.097463 -0.980817 -0.000000 -0.000000 -1.000000 0.194663 0.052159 -0.979482 -0.000000 -0.000002 -1.000000 -0.000000 -0.000002 -1.000000 0.194663 -0.052163 -0.979482 0.168813 -0.097466 -0.980817 -0.000001 -0.000002 -1.000000 -0.097466 -0.168813 -0.980817 -0.000001 0.000000 -1.000000 -0.485123 -0.840254 0.242134 0.000000 -0.689934 0.723872 -0.151243 -0.666028 0.730433 -0.529446 -0.799268 0.284355 -0.368331 -0.000698 -0.929695 -0.724348 -0.134392 -0.676209 -0.722583 -0.473788 -0.503387 -0.589105 -0.414038 -0.693922 -0.736057 -0.628481 -0.251458 -0.709740 -0.609532 -0.353185 -0.077177 -0.249966 -0.965174 -0.500438 -0.484218 -0.717701 -0.690736 -0.624638 -0.364295 -0.143842 -0.674888 -0.723765 -0.536513 -0.622269 -0.570031 -0.700158 -0.656738 -0.280132 -0.525370 -0.820696 -0.224596 -0.662817 -0.712063 -0.231604 -0.714616 -0.690910 -0.109396 -0.808568 -0.526922 0.261861 -0.765139 -0.622111 0.165951 -0.738018 -0.669490 0.084336 -0.724549 -0.134350 0.676002 -0.722923 -0.473545 0.503127 -0.736499 -0.628036 0.251277 -0.368119 -0.000839 0.929778 -0.589110 -0.414033 0.693921 -0.709980 -0.609275 0.353146 -0.076489 -0.251065 0.964943 -0.499674 -0.485241 0.717542 -0.689590 -0.625977 0.364168 -0.143638 -0.676028 0.722741 -0.535909 -0.623375 0.569389 -0.699025 -0.658137 0.279679 -0.525341 -0.820869 0.224033 -0.662654 -0.712305 0.231325 -0.714446 -0.691101 0.109297 -0.808480 -0.526930 -0.262117 
						-0.765051 -0.622188 -0.166071 -0.738086 -0.669419 -0.084303 0.097781 -0.169362 -0.980691 -0.269931 0.155846 -0.950184 -0.369114 -0.009089 -0.929340 -0.077540 -0.263848 -0.961442 0.098945 -0.171378 0.980224 -0.076236 -0.265912 0.960978 -0.271149 0.156549 0.949721 -0.730536 0.000000 0.682874 -0.740595 -0.136244 0.657994 -0.370193 -0.008364 0.928917 -0.837907 -0.483764 0.252754 -0.485385 -0.840708 -0.240025 -0.529483 -0.798663 -0.285980 -0.822784 -0.526322 0.214503 0.000000 -0.688818 -0.724934 -0.151494 -0.664635 -0.731649 -0.729568 -0.000000 -0.683908 -0.740261 -0.136319 -0.658354 -0.724217 -0.655919 -0.212791 -0.732945 -0.663156 -0.151711 -0.739829 -0.671057 -0.048327 -0.735870 -0.673624 0.068738 -0.726115 -0.667205 0.166113 -0.722746 -0.655764 0.218201 -0.725654 -0.654375 0.212649 -0.733010 -0.663087 0.151695 -0.738894 -0.672064 0.048633 -0.735570 -0.673962 -0.068641 -0.732118 -0.660266 -0.167487 -0.723415 -0.655011 -0.218248 -0.838156 -0.483908 -0.251650 -0.822435 -0.526395 -0.215659 -0.724843 -0.475172 -0.498813 -0.770285 -0.617949 -0.157482 -0.670865 -0.700998 0.241954 -0.531873 -0.636688 0.558337 -0.493551 -0.500397 0.711344 -0.588182 -0.420371 0.690890 -0.726374 -0.474057 0.497645 -0.772470 -0.615963 0.154528 -0.670977 -0.700822 -0.242152 -0.532490 -0.635602 -0.558985 -0.494951 -0.498567 -0.711656 -0.586670 -0.421741 -0.691341 -0.707113 0.707100 0.000003 -0.707114 0.707099 0.000000 -0.707114 0.707099 0.000000 -0.707114 0.707099 0.000003 -0.707106 0.707108 0.000001 -0.707108 0.707105 -0.000002 -0.707109 0.707105 -0.000002 -0.707105 0.707108 0.000001 -0.707110 0.707104 0.000000 -0.707105 0.707108 0.000000 -0.707106 0.707108 0.000000 -0.707110 0.707104 0.000000 -0.707105 0.707109 -0.000002 -0.707104 0.707110 -0.000002 -0.707108 0.707106 0.000000 -0.707108 0.707106 0.000000 -0.707113 0.707100 0.000003 -0.707114 0.707100 0.000003 
						-0.707109 0.707105 0.000000 -0.707109 0.707105 0.000000 -0.707110 0.707104 -0.000000 -0.707106 0.707108 0.000000 -0.707106 0.707108 0.000000 -0.707110 0.707104 -0.000000 -0.095284 0.197327 -0.975696 0.010483 0.014977 -0.999833 0.012428 0.007729 -0.999893 0.012108 0.218544 -0.975752 0.191295 0.105785 -0.975815 0.008766 0.000276 -0.999962 0.007729 -0.000002 -0.999970 0.218561 -0.000000 -0.975823 -0.729251 0.670193 -0.137964 -0.726797 0.685219 -0.047351 -0.727099 0.683973 0.059226 -0.724568 0.672868 0.149160 -0.715949 0.669902 0.196592 -0.717746 0.668981 0.193143 -0.722914 0.676747 0.139315 -0.725909 0.686141 0.047608 -0.727345 0.683706 -0.059297 -0.724740 0.672676 -0.149194 -0.718124 0.667528 -0.196735 -0.719201 0.667453 -0.193019 -0.179152 0.126734 -0.975625 0.003662 0.021799 -0.999756 -0.217851 0.080573 -0.972650 -0.007728 0.024853 -0.999661 -0.179151 -0.126735 -0.975624 0.003661 -0.021797 -0.999756 -0.007728 -0.024849 -0.999661 -0.217851 -0.080570 -0.972651 -0.095283 -0.197328 -0.975696 0.010483 -0.014977 -0.999833 0.012108 -0.218544 -0.975752 0.012426 -0.007729 -0.999893 0.116268 -0.185236 -0.975792 0.011039 -0.002552 -0.999936 0.191295 -0.105785 -0.975815 0.008765 -0.000278 -0.999962 0.116267 0.185237 -0.975792 0.011040 0.002551 -0.999936 -0.722424 0.151124 -0.674733 -0.803152 0.532699 -0.266794 -0.764002 0.625596 -0.157895 -0.720174 0.493490 -0.487665 -0.529364 0.820875 0.214331 -0.672621 0.704066 0.227753 -0.156465 0.698215 0.698581 -0.549741 0.634556 0.543253 -0.082659 0.284650 0.955061 -0.509003 0.514706 0.689923 -0.371819 0.025323 0.927960 -0.591631 0.444416 0.672657 -0.720980 0.151453 0.676203 -0.719224 0.494190 0.488357 -0.802620 0.532769 0.268250 -0.764098 0.625509 0.157773 -0.529269 0.821251 -0.213124 -0.672937 0.703603 -0.228252 -0.156400 0.698525 -0.698285 -0.549606 0.634789 -0.543118 
						-0.083138 0.283905 -0.955242 -0.509384 0.514217 -0.690006 -0.373583 0.024131 -0.927283 -0.593252 0.442946 -0.672199 -0.014744 -0.999885 -0.003623 -0.015430 -0.999878 0.002560 -0.017419 -0.999844 0.002890 -0.016747 -0.999851 -0.004115 0.230767 0.024741 0.972694 0.230768 0.024740 0.972694 -0.319818 0.024498 0.947162 -0.319818 0.024498 0.947162 -0.188921 0.025152 -0.981670 -0.188921 0.025152 -0.981670 0.040866 0.025592 -0.998837 0.040866 0.025592 -0.998837 0.803486 0.022222 -0.594909 0.803485 0.022221 -0.594910 0.909640 0.021913 0.414819 0.909639 0.021914 0.414820 0.909657 0.021740 0.414791 0.909658 0.021741 0.414790 0.230748 0.024039 0.972717 0.230747 0.024038 0.972717 0.353780 0.023872 -0.935024 0.353780 0.023873 -0.935024 0.803413 0.025100 -0.594894 0.803413 0.025099 -0.594893 -0.001996 -0.999915 -0.012906 -0.010098 -0.999946 -0.002482 0.022165 -0.999739 0.005447 0.003429 -0.999748 0.022176 0.005099 0.000000 -0.999987 0.013996 0.000000 -0.999902 0.014992 0.000000 -0.999888 0.005874 0.000000 -0.999983 -0.152730 -0.025433 -0.987941 0.026473 -0.025725 -0.999318 0.026473 -0.025725 -0.999318 -0.152730 -0.025433 -0.987941 0.025630 -0.000000 -0.999671 0.025614 -0.000000 -0.999672 0.025612 -0.000000 -0.999672 0.025611 -0.000000 -0.999672 0.025611 -0.000000 -0.999672 0.025615 -0.000000 -0.999672 0.025618 -0.000000 -0.999672 0.687163 0.000000 -0.726503 0.656770 0.000000 -0.754090 0.636957 0.000000 -0.770900 0.677475 0.000000 -0.735546 -0.686649 -0.000000 0.726989 -0.688876 -0.000000 0.724879 -0.690448 -0.000000 0.723382 -0.687367 -0.000000 0.726310 -0.004550 0.000000 0.999990 -0.013727 0.000000 0.999906 -0.014876 0.000000 0.999889 -0.005379 0.000000 0.999986 -0.319777 0.024545 0.947175 -0.319776 0.024546 0.947175 -0.997111 0.016306 0.074181 -0.997112 0.016305 0.074175 -0.025622 -0.000000 -0.999672 
						-0.025522 -0.000000 -0.999674 -0.025518 -0.000000 -0.999674 -0.025622 -0.000000 -0.999672 0.025654 -0.000000 -0.999671 0.025654 -0.000000 -0.999671 0.025638 -0.000000 -0.999671 -0.025617 0.000000 -0.999672 -0.025614 0.000000 -0.999672 -0.025619 0.000000 -0.999672 -0.025614 0.000000 -0.999672 -0.025608 0.000000 -0.999672 -0.025629 0.000000 -0.999672 -0.025614 0.000000 -0.999672 -0.999325 0.025604 -0.026354 -0.996923 0.025542 0.074115 -0.996922 0.025545 0.074117 -0.999325 0.025606 -0.026354 0.010833 0.998363 0.056155 0.042775 0.999007 0.012488 -0.058064 0.998169 -0.016960 -0.009854 0.998646 -0.051068 0.004946 0.999987 0.001461 -0.002084 0.999998 -0.000623 -0.004711 0.999989 0.000770 0.002254 0.999997 -0.000364 
					</float_array>
					<technique_common>
						<accessor count="281" offset="0" source="#meshId1-bitangents-array" stride="3">
							<param name="X" type="float" />
							<param name="Y" type="float" />
							<param name="Z" type="float" />
						</accessor>
					</technique_common>
				</source>
				<source id="meshId1-tex0" name="meshId1-tex0">
					<float_array id="meshId1-tex0-array" count="562"> 
						0.381775 0.691686 0.381775 0.005058 0.409631 0.005058 0.409631 0.691686 0.465344 0.691687 0.465344 0.005058 0.493200 0.005058 0.493200 0.691687 0.521057 0.005058 0.521057 0.691687 0.548913 0.005058 0.548913 0.691687 0.576769 0.005058 0.576769 0.691687 0.604626 0.005058 0.604626 0.691687 0.632482 0.005058 0.632482 0.691687 0.660338 0.005058 0.660338 0.691687 0.326062 0.691686 0.326062 0.005058 0.353919 0.005058 0.353919 0.691686 0.437488 0.005058 0.437488 0.691687 0.701823 0.633423 0.711636 0.617098 0.715398 0.621151 0.706982 0.635003 0.716150 0.709229 0.687145 0.690175 0.699047 0.679192 0.721306 0.693694 0.710317 0.668769 0.726069 0.678884 0.751440 0.711845 0.748202 0.695392 0.744922 0.679944 0.784980 0.696425 0.772993 0.683420 0.761920 0.671437 0.803105 0.664243 0.786943 0.659600 0.771745 0.655143 0.803105 0.628810 0.787184 0.632637 0.772085 0.636260 0.786419 0.598316 0.774499 0.609312 0.763209 0.619746 0.757371 0.579235 0.752215 0.594784 0.747450 0.609594 0.722052 0.576651 0.725308 0.593104 0.728603 0.608539 0.688535 0.592131 0.700541 0.605123 0.711636 0.617098 0.670454 0.624336 0.686616 0.628967 0.701823 0.633423 0.670474 0.659735 
						0.686376 0.655908 0.701458 0.652293 0.744922 0.679944 0.726069 0.678884 0.727653 0.673828 0.743745 0.674702 0.728603 0.608539 0.729776 0.613761 0.747450 0.609594 0.763209 0.619746 0.759376 0.623292 0.745861 0.614638 0.772085 0.636260 0.771745 0.655143 0.766601 0.653577 0.766935 0.637453 0.761920 0.671437 0.758172 0.667387 0.710317 0.668769 0.714140 0.665228 0.732132 0.659452 0.725155 0.655005 0.721283 0.647692 0.721516 0.639497 0.725825 0.632479 0.733119 0.628648 0.741379 0.629068 0.748406 0.633484 0.752270 0.640818 0.752047 0.649080 0.747701 0.656070 0.740356 0.659836 0.701458 0.652293 0.706598 0.651110 0.719881 0.659904 0.714259 0.649291 0.714599 0.637333 0.720851 0.627107 0.731520 0.621533 0.743552 0.622183 0.753675 0.628649 0.759270 0.639226 0.758997 0.651201 0.752674 0.661448 0.741945 0.666936 0.730000 0.666314 0.430023 0.767711 0.416095 0.791835 0.413436 0.789176 0.426391 0.766738 0.339990 0.715730 0.364115 0.701802 0.365088 0.705434 0.342649 0.718389 0.339990 0.791835 0.326062 0.767711 0.329694 0.766738 0.342649 0.789176 0.391971 0.805763 0.390998 0.802131 0.391971 0.701802 0.390998 0.705434 0.326062 0.739854 0.329694 0.740828 
						0.364115 0.805763 0.365088 0.802131 0.416095 0.715730 0.430023 0.739855 0.426391 0.740828 0.413437 0.718389 0.072683 0.994064 0.056867 0.005887 0.082774 0.005524 0.094637 0.993756 0.138546 0.993405 0.134592 0.005110 0.160502 0.005058 0.160502 0.993361 0.502074 0.739316 0.506630 0.747471 0.506469 0.756819 0.501730 0.764749 0.493565 0.769206 0.484229 0.768921 0.476245 0.763994 0.471685 0.755862 0.471799 0.746491 0.476557 0.738490 0.484798 0.734013 0.494183 0.734349 0.050731 0.994459 0.030961 0.006354 0.028781 0.994942 0.005058 0.006924 0.270272 0.994459 0.290043 0.006353 0.315947 0.006923 0.292222 0.994942 0.248320 0.994064 0.264138 0.005887 0.226367 0.993756 0.238230 0.005524 0.204412 0.993537 0.212322 0.005265 0.182457 0.993405 0.186412 0.005109 0.116591 0.993537 0.108683 0.005265 0.525511 0.717207 0.538073 0.739774 0.522084 0.743640 0.513587 0.728403 0.538073 0.765921 0.521959 0.761243 0.524855 0.789410 0.513025 0.776632 0.500694 0.801363 0.497228 0.784954 0.474581 0.799990 0.479524 0.784250 0.452827 0.786090 0.464723 0.774876 0.440203 0.763545 0.456206 0.759648 0.440139 0.737343 0.456281 0.742011 0.453380 0.713784 0.465238 0.726587 
						0.477606 0.701802 0.481063 0.718238 0.503774 0.703229 0.498797 0.718978 0.555115 0.702138 0.577865 0.701802 0.578620 0.752979 0.555905 0.753376 0.722368 0.537453 0.772066 0.538727 0.771800 0.549108 0.722102 0.547834 0.735991 0.005786 0.785689 0.007060 0.772624 0.516961 0.722926 0.515688 0.722813 0.520082 0.772511 0.521355 0.772294 0.529820 0.722596 0.528547 0.722596 0.528547 0.772294 0.529820 0.772066 0.538727 0.722368 0.537453 0.722926 0.515688 0.772624 0.516961 0.772511 0.521355 0.722813 0.520082 0.550126 0.702190 0.555115 0.702138 0.555905 0.753376 0.550663 0.753278 0.556238 0.804824 0.579181 0.804937 0.578573 0.808305 0.556095 0.807876 0.732673 0.006337 0.720152 0.492738 0.670454 0.491459 0.682974 0.005058 0.772624 0.516961 0.776569 0.494183 0.782587 0.494337 0.788937 0.503822 0.788974 0.514207 0.783861 0.521503 0.775479 0.520303 0.548189 0.805252 0.556238 0.804824 0.556095 0.807876 0.550476 0.808314 0.556187 0.756445 0.548302 0.756047 0.550663 0.753278 0.555905 0.753376 0.579181 0.756336 0.556187 0.756445 0.555905 0.753376 0.578620 0.752979 0.722102 0.547834 0.771800 0.549108 0.771508 0.560519 0.721809 0.559245 0.735991 0.005786 
						0.722926 0.515688 0.720152 0.492738 0.732673 0.006337 0.785689 0.007060 0.788974 0.007780 0.776569 0.494183 0.714135 0.492584 0.720152 0.492738 0.722926 0.515688 0.719903 0.518879 0.711471 0.519648 0.706738 0.512100 0.707307 0.501731 0.721655 0.565263 0.721809 0.559245 0.771508 0.560519 0.771354 0.566536 0.548302 0.756047 0.556187 0.756445 0.556238 0.804824 0.548189 0.805252 0.556238 0.804824 0.556187 0.756445 0.579181 0.756336 0.579181 0.804937 
					</float_array>
					<technique_common>
						<accessor count="281" offset="0" source="#meshId1-tex0-array" stride="2">
							<param name="S" type="float" />
							<param name="T" type="float" />
						</accessor>
					</technique_common>
				</source>
				<source id="meshId1-color0" name="meshId1-color0">
					<float_array id="meshId1-color0-array" count="843"> 
						0.639216 0.470588 1.000000 0.639216 0.470588 1.000000 0.639216 0.470588 1.000000 0.639216 0.470588 1.000000 0.639216 0.470588 1.000000 0.639216 0.470588 1.000000 0.639216 0.470588 1.000000 0.639216 0.470588 1.000000 0.639216 0.470588 1.000000 0.639216 0.470588 1.000000 0.639216 0.470588 1.000000 0.639216 0.470588 1.000000 0.639216 0.470588 1.000000 0.639216 0.470588 1.000000 0.639216 0.470588 1.000000 0.639216 0.470588 1.000000 0.639216 0.470588 1.000000 0.639216 0.470588 1.000000 0.639216 0.470588 1.000000 0.639216 0.470588 1.000000 0.639216 0.470588 1.000000 0.639216 0.470588 1.000000 0.639216 0.470588 1.000000 0.639216 0.470588 1.000000 0.639216 0.470588 1.000000 0.639216 0.470588 1.000000 0.286275 0.964706 1.000000 0.286275 0.964706 1.000000 0.286275 0.964706 1.000000 0.286275 0.964706 1.000000 0.286275 0.964706 1.000000 0.286275 0.964706 1.000000 0.286275 0.964706 1.000000 0.286275 0.964706 1.000000 0.286275 0.964706 1.000000 0.286275 0.964706 1.000000 0.286275 0.964706 1.000000 0.286275 0.964706 1.000000 0.286275 0.964706 1.000000 0.286275 0.964706 1.000000 0.286275 0.964706 1.000000 0.286275 0.964706 1.000000 0.286275 0.964706 1.000000 0.286275 0.964706 1.000000 0.286275 0.964706 1.000000 0.286275 0.964706 1.000000 0.286275 0.964706 1.000000 0.286275 0.964706 1.000000 0.286275 0.964706 1.000000 0.286275 0.964706 1.000000 0.286275 0.964706 1.000000 0.286275 0.964706 1.000000 0.286275 0.964706 1.000000 0.286275 0.964706 1.000000 0.286275 0.964706 1.000000 0.286275 0.964706 1.000000 0.286275 0.964706 1.000000 0.286275 0.964706 1.000000 0.286275 0.964706 1.000000 0.286275 0.964706 1.000000 0.286275 0.964706 1.000000 0.286275 0.964706 1.000000 0.286275 0.964706 1.000000 0.286275 0.964706 1.000000 
						0.286275 0.964706 1.000000 0.286275 0.964706 1.000000 0.286275 0.964706 1.000000 0.286275 0.964706 1.000000 0.286275 0.964706 1.000000 0.286275 0.964706 1.000000 0.286275 0.964706 1.000000 0.286275 0.964706 1.000000 0.286275 0.964706 1.000000 0.286275 0.964706 1.000000 0.286275 0.964706 1.000000 0.286275 0.964706 1.000000 0.286275 0.964706 1.000000 0.286275 0.964706 1.000000 0.286275 0.964706 1.000000 0.286275 0.964706 1.000000 0.286275 0.964706 1.000000 0.286275 0.964706 1.000000 0.286275 0.964706 1.000000 0.286275 0.964706 1.000000 0.286275 0.964706 1.000000 0.286275 0.964706 1.000000 0.286275 0.964706 1.000000 0.286275 0.964706 1.000000 0.286275 0.964706 1.000000 0.286275 0.964706 1.000000 0.286275 0.964706 1.000000 0.286275 0.964706 1.000000 0.286275 0.964706 1.000000 0.286275 0.964706 1.000000 0.286275 0.964706 1.000000 0.286275 0.964706 1.000000 0.286275 0.964706 1.000000 0.286275 0.964706 1.000000 0.286275 0.964706 1.000000 0.286275 0.964706 1.000000 0.286275 0.964706 1.000000 0.286275 0.964706 1.000000 0.286275 0.964706 1.000000 0.286275 0.964706 1.000000 0.286275 0.964706 1.000000 0.286275 0.964706 1.000000 0.286275 0.964706 1.000000 0.286275 0.964706 1.000000 0.286275 0.964706 1.000000 0.286275 0.964706 1.000000 0.639216 0.470588 1.000000 0.639216 0.470588 1.000000 0.639216 0.470588 1.000000 0.639216 0.470588 1.000000 0.639216 0.470588 1.000000 0.639216 0.470588 1.000000 0.639216 0.470588 1.000000 0.639216 0.470588 1.000000 0.639216 0.470588 1.000000 0.639216 0.470588 1.000000 0.639216 0.470588 1.000000 0.639216 0.470588 1.000000 0.639216 0.470588 1.000000 0.639216 0.470588 1.000000 0.639216 0.470588 1.000000 0.639216 0.470588 1.000000 0.639216 0.470588 1.000000 0.639216 0.470588 1.000000 
						0.639216 0.470588 1.000000 0.639216 0.470588 1.000000 0.639216 0.470588 1.000000 0.639216 0.470588 1.000000 0.639216 0.470588 1.000000 0.639216 0.470588 1.000000 1.000000 1.000000 1.000000 1.000000 1.000000 1.000000 1.000000 1.000000 1.000000 1.000000 1.000000 1.000000 1.000000 1.000000 1.000000 1.000000 1.000000 1.000000 1.000000 1.000000 1.000000 1.000000 1.000000 1.000000 0.639216 0.470588 1.000000 0.639216 0.470588 1.000000 0.639216 0.470588 1.000000 0.639216 0.470588 1.000000 0.639216 0.470588 1.000000 0.639216 0.470588 1.000000 0.639216 0.470588 1.000000 0.639216 0.470588 1.000000 0.639216 0.470588 1.000000 0.639216 0.470588 1.000000 0.639216 0.470588 1.000000 0.639216 0.470588 1.000000 1.000000 1.000000 1.000000 1.000000 1.000000 1.000000 1.000000 1.000000 1.000000 1.000000 1.000000 1.000000 1.000000 1.000000 1.000000 1.000000 1.000000 1.000000 1.000000 1.000000 1.000000 1.000000 1.000000 1.000000 1.000000 1.000000 1.000000 1.000000 1.000000 1.000000 1.000000 1.000000 1.000000 1.000000 1.000000 1.000000 1.000000 1.000000 1.000000 1.000000 1.000000 1.000000 1.000000 1.000000 1.000000 1.000000 1.000000 1.000000 1.000000 1.000000 1.000000 1.000000 1.000000 1.000000 0.639216 0.470588 1.000000 0.639216 0.470588 1.000000 0.639216 0.470588 1.000000 0.639216 0.470588 1.000000 0.639216 0.470588 1.000000 0.639216 0.470588 1.000000 0.639216 0.470588 1.000000 0.639216 0.470588 1.000000 0.639216 0.470588 1.000000 0.639216 0.470588 1.000000 0.639216 0.470588 1.000000 0.639216 0.470588 1.000000 0.639216 0.470588 1.000000 0.639216 0.470588 1.000000 0.639216 0.470588 1.000000 0.639216 0.470588 1.000000 0.639216 0.470588 1.000000 0.639216 0.470588 1.000000 0.639216 0.470588 1.000000 0.639216 0.470588 1.000000 
						0.639216 0.470588 1.000000 0.639216 0.470588 1.000000 0.639216 0.470588 1.000000 0.639216 0.470588 1.000000 1.000000 0.933333 0.270588 1.000000 0.933333 0.270588 1.000000 0.933333 0.270588 1.000000 0.933333 0.270588 1.000000 0.933333 0.270588 1.000000 0.933333 0.270588 1.000000 0.933333 0.270588 1.000000 0.933333 0.270588 1.000000 0.933333 0.270588 1.000000 0.933333 0.270588 1.000000 0.933333 0.270588 1.000000 0.933333 0.270588 1.000000 0.933333 0.270588 1.000000 0.933333 0.270588 1.000000 0.933333 0.270588 1.000000 0.933333 0.270588 1.000000 0.933333 0.270588 1.000000 0.933333 0.270588 1.000000 0.933333 0.270588 1.000000 0.933333 0.270588 1.000000 0.933333 0.270588 1.000000 0.933333 0.270588 1.000000 0.933333 0.270588 1.000000 0.933333 0.270588 1.000000 0.933333 0.270588 1.000000 0.933333 0.270588 1.000000 0.933333 0.270588 1.000000 0.933333 0.270588 1.000000 0.933333 0.270588 1.000000 0.933333 0.270588 1.000000 0.933333 0.270588 1.000000 0.933333 0.270588 1.000000 0.933333 0.270588 1.000000 0.933333 0.270588 1.000000 0.933333 0.270588 1.000000 0.933333 0.270588 1.000000 0.933333 0.270588 1.000000 0.933333 0.270588 1.000000 0.933333 0.270588 1.000000 0.933333 0.270588 1.000000 0.933333 0.270588 1.000000 0.933333 0.270588 1.000000 0.933333 0.270588 1.000000 0.933333 0.270588 1.000000 0.933333 0.270588 1.000000 0.933333 0.270588 1.000000 0.933333 0.270588 1.000000 0.933333 0.270588 1.000000 0.933333 0.270588 1.000000 0.933333 0.270588 1.000000 0.933333 0.270588 1.000000 0.933333 0.270588 1.000000 0.933333 0.270588 1.000000 0.933333 0.270588 1.000000 0.933333 0.270588 1.000000 0.933333 0.270588 1.000000 0.933333 0.270588 1.000000 0.933333 0.270588 1.000000 0.933333 0.270588 1.000000 0.933333 0.270588 
						1.000000 0.933333 0.270588 1.000000 0.933333 0.270588 1.000000 0.933333 0.270588 1.000000 0.933333 0.270588 1.000000 0.933333 0.270588 1.000000 0.933333 0.270588 1.000000 0.933333 0.270588 1.000000 0.933333 0.270588 1.000000 0.933333 0.270588 1.000000 0.933333 0.270588 1.000000 0.933333 0.270588 1.000000 0.933333 0.270588 1.000000 0.933333 0.270588 1.000000 0.933333 0.270588 1.000000 0.933333 0.270588 1.000000 0.933333 0.270588 1.000000 0.933333 0.270588 1.000000 0.933333 0.270588 1.000000 0.933333 0.270588 1.000000 0.933333 0.270588 1.000000 0.933333 0.270588 1.000000 0.933333 0.270588 1.000000 0.933333 0.270588 1.000000 0.933333 0.270588 1.000000 0.933333 0.270588 
					</float_array>
					<technique_common>
						<accessor count="281" offset="0" source="#meshId1-color0-array" stride="3">
							<param name="R" type="float" />
							<param name="G" type="float" />
							<param name="B" type="float" />
						</accessor>
					</technique_common>
				</source>
				<vertices id="meshId1-vertices">
					<input semantic="POSITION" source="#meshId1-positions" />
				</vertices>
				<polylist count="306" material="defaultMaterial">
					<input offset="0" semantic="VERTEX" source="#meshId1-vertices" />
					<input offset="0" semantic="NORMAL" source="#meshId1-normals" />
					<input offset="0" semantic="TANGENT" source="#meshId1-tangents" />
					<input offset="0" semantic="BINORMAL" source="#meshId1-bitangents" />
					<input offset="0" semantic="TEXCOORD" source="#meshId1-tex0" set="0" />
					<input offset="0" semantic="COLOR" source="#meshId1-color0" set="0" />
					<vcount>
						3 3 3 3 3 3 3 3 3 3 3 3 3 3 3 3 3 3 3 3 3 3 3 3 3 3 3 3 3 3 3 3 3 3 3 3 3 3 3 3 3 3 3 3 3 3 3 3 3 3 3 3 3 3 3 3 3 3 3 3 3 3 3 3 
						3 3 3 3 3 3 3 3 3 3 3 3 3 3 3 3 3 3 3 3 3 3 3 3 3 3 3 3 3 3 3 3 3 3 3 3 3 3 3 3 3 3 3 3 3 3 3 3 3 3 3 3 3 3 3 3 3 3 3 3 3 3 3 3 
						3 3 3 3 3 3 3 3 3 3 3 3 3 3 3 3 3 3 3 3 3 3 3 3 3 3 3 3 3 3 3 3 3 3 3 3 3 3 3 3 3 3 3 3 3 3 3 3 3 3 3 3 3 3 3 3 3 3 3 3 3 3 3 3 
						3 3 3 3 3 3 3 3 3 3 3 3 3 3 3 3 3 3 3 3 3 3 3 3 3 3 3 3 3 3 3 3 3 3 3 3 3 3 3 3 3 3 3 3 3 3 3 3 3 3 3 3 3 3 3 3 3 3 3 3 3 3 3 3 
						3 3 3 3 3 3 3 3 3 3 3 3 3 3 3 3 3 3 3 3 3 3 3 3 3 3 3 3 3 3 3 3 3 3 3 3 3 3 3 3 3 3 3 3 3 3 3 3 3 3 
					</vcount>
					<p>
						3 0 1 1 2 3 7 4 5 5 6 7 9 7 6 6 8 9 11 9 8 8 10 11 13 11 10 10 12 13 15 13 12 12 14 15 17 15 14 14 16 17 19 17 16 16 18 19 23 20 21 21 22 23 0 23 22 22 1 0 25 3 2 2 24 25 29 26 27 27 28 29 4 25 24 24 5 4 33 30 31 31 32 33 35 33 32 32 34 35 37 36 30 30 33 37 38 37 33 33 35 38 40 39 36 36 37 40 41 40 37 37 38 41 43 42 39 39 40 43 44 43 40 40 41 44 46 45 42 42 43 46 47 46 43 43 44 47 49 48 45 45 46 49 50 49 46 46 47 50 52 51 48 48 49 52 53 52 49 49 50 53 55 54 51 51 52 55 56 55 52 52 53 56 58 57 54 54 55 58 59 58 55 55 56 59 61 60 57 57 58 61 
						62 61 58 58 59 62 64 63 60 60 61 64 65 64 61 61 62 65 32 31 63 63 64 32 34 32 64 64 65 34 69 66 67 67 68 69 28 27 70 70 71 28 75 72 73 73 74 75 79 76 77 77 78 79 81 80 66 66 69 81 68 67 82 82 83 68 95 84 85 95 85 86 95 86 87 95 87 88 95 88 89 95 89 90 95 90 91 95 91 92 95 92 93 93 94 95 83 82 96 96 97 83 71 70 72 72 75 71 74 73 76 76 79 74 78 77 80 80 81 78 99 86 85 85 98 99 97 99 98 98 83 97 100 87 86 86 99 100 29 100 99 99 97 29 101 88 87 87 100 101 28 101 100 100 29 28 102 89 88 88 101 102 71 102 101 101 28 71 103 90 89 89 102 103 75 103 102 102 71 75 104 91 90 90 103 104 74 104 103 103 75 74 
						105 92 91 91 104 105 79 105 104 104 74 79 106 93 92 92 105 106 78 106 105 105 79 78 107 94 93 93 106 107 81 107 106 106 78 81 108 95 94 94 107 108 69 108 107 107 81 69 109 84 95 95 108 109 68 109 108 108 69 68 98 85 84 84 109 98 83 98 109 109 68 83 97 96 26 26 29 97 113 110 111 111 112 113 117 114 115 115 116 117 121 118 119 119 120 121 112 111 122 122 123 112 116 115 124 124 125 116 120 119 126 126 127 120 123 122 128 128 129 123 133 130 131 131 132 133 125 124 130 130 133 125 127 126 114 114 117 127 129 128 118 118 121 129 132 131 110 110 113 132 137 134 135 135 136 137 141 138 139 139 140 141 153 142 143 153 143 144 153 144 145 153 145 146 153 146 147 153 147 148 153 148 149 153 149 150 153 150 151 151 152 153 
						134 154 155 155 135 134 154 156 157 157 155 154 161 158 159 159 160 161 158 162 163 163 159 158 162 164 165 165 163 162 164 166 167 167 165 164 166 168 169 169 167 166 168 141 140 140 169 168 138 170 171 171 139 138 175 172 173 173 174 175 142 175 174 174 143 142 174 173 176 176 177 174 143 174 177 177 144 143 177 176 178 178 179 177 144 177 179 179 145 144 179 178 180 180 181 179 145 179 181 181 146 145 181 180 182 182 183 181 146 181 183 183 147 146 183 182 184 184 185 183 147 183 185 185 148 147 185 184 186 186 187 185 148 185 187 187 149 148 187 186 188 188 189 187 149 187 189 189 150 149 189 188 190 190 191 189 150 189 191 191 151 150 191 190 192 192 193 191 151 191 193 193 152 151 193 192 194 194 195 193 152 193 195 195 153 152 195 194 172 172 175 195 
						153 195 175 175 142 153 170 137 136 136 171 170 199 196 197 197 198 199 203 200 201 201 202 203 207 204 205 205 206 207 211 208 209 209 210 211 215 212 213 213 214 215 219 216 217 217 218 219 223 220 221 221 222 223 227 224 225 225 226 227 231 228 229 229 230 231 238 232 233 238 233 234 238 234 235 238 235 236 236 237 238 242 239 240 240 241 242 246 243 244 244 245 246 250 247 248 248 249 250 254 251 252 252 253 254 258 255 256 256 257 258 261 232 259 259 260 261 268 262 263 268 263 264 268 264 265 268 265 266 266 267 268 272 269 270 270 271 272 276 273 274 274 275 276 280 277 278 278 279 280 
					</p>
				</polylist>
			</mesh>
		</geometry>
	</library_geometries>
	<library_visual_scenes>
		<visual_scene id="RootNode" name="RootNode">
			<node id="notebook" name="notebook">
				<matrix>1.000000 0.000000 0.000000 0.000000 0.000000 1.000000 0.000000 0.000000 0.000000 0.000000 1.000000 0.000000 0.000000 0.000000 0.000000 1.000000</matrix>
				<instance_geometry url="#meshId0">
					<bind_material>
						<technique_common>
							<instance_material symbol="defaultMaterial" target="#notebook" />
						</technique_common>
					</bind_material>
				</instance_geometry>
			</node>
			<node id="penna" name="penna">
				<matrix>1.000000 0.000000 0.000000 -0.114936 0.000000 1.000000 0.000000 0.005316 0.000000 0.000000 1.000000 -0.020857 0.000000 0.000000 0.000000 1.000000</matrix>
				<instance_geometry url="#meshId1">
					<bind_material>
						<technique_common>
							<instance_material symbol="defaultMaterial" target="#penna" />
						</technique_common>
					</bind_material>
				</instance_geometry>
			</node>
		</visual_scene>
	</library_visual_scenes>
	<scene>
		<instance_visual_scene url="#RootNode" />
	</scene>
</COLLADA>
